,username,retweet_or_quote_screen_name,type
0,TAMU,4145,I
769,AggieRabbi,3,I
768,AggieLawDR,3,I
2817,AggieQuadMoms,1,I
2822,WTAMU_Police,1,I
759,tamuSPHresearch,3,I
2823,TamuSAAC,1,I
754,TAMULawFVAC,3,I
744,astro_aggie,3,I
737,tamuSGRho,3,I
717,ColoniasTAMU,3,I
715,TAMUCVEN,3,I
2858,RuralHealthTAMU,1,I
707,AggielandHumane,3,I
697,SAAggieClub,3,I
695,save_tamu,3,I
694,Aolp_Tamu,3,I
689,TAMU_NRI,3,I
2864,AggieATO,1,I
686,TamupdK,3,I
2856,TAMUHealth_CEDP,1,I
844,TAMUComm,2,I
770,MyAggieNation,3,I
815,TAMUCTE,3,I
829,TAMUNeuro,2,I
2689,aggiefamily02,1,I
970,TAMU_fitness,2,I
966,BigAggieRing,2,I
2408,tamucouncils,1,I
948,tamuansc,2,I
945,txaggie_2011,2,I
942,Bird_AggieVB,2,I
939,tamumonarchlab,2,I
2724,tamuIfSC,1,I
899,CSE_at_TAMU,2,I
678,SRW_TAMU,3,I
897,BLOCtamu,2,I
884,TAMUHealthIPER,2,I
881,ChabadTAMU,2,I
2717,AggieExplorer,1,I
874,DCAggies,2,I
872,aggiehillel,2,I
871,TAMU2019,2,I
864,TAMU_Hunger,2,I
785,TAMUGandG,3,I
831,tamuenvp,2,I
585,ohAGGIE17,4,I
631,wfsctamu,3,I
2868,BamaTXAggie,1,I
674,TAMUhack,3,I
673,CVMRGS_TAMU,3,I
2982,Aggie_Planners,1,I
492,FlourishTAMU,5,I
2997,TAMUMUSA,1,I
2998,TAMUPress,1,I
483,TAMUCAdmissions,5,I
3019,MaggieComstock,1,I
473,TAMU_RPTS,5,I
470,fortworthaggies,5,I
465,IPAggies,5,I
448,tamuhsc,5,I
498,TAMULawHLSA,5,I
436,tamucet,5,I
431,tamu_senate,5,I
428,bwstamu,6,I
426,TAMU_Architect,6,I
421,TAMUBookstore,6,I
420,TexasAggie_mag,6,I
419,tamuicehockey,6,I
1840,FLED_tamu,1,I
2713,aggiefan1337,1,I
393,tamuRingDance,6,I
389,TAMUChemistry,6,I
435,TAMUEnergyInst,5,I
975,TAMU_BRAINS,2,I
526,AggieDanceTeam,4,I
531,aggieswamp,4,I
671,TamuANRP,3,I
664,aggiefieldstaff,3,I
662,TAMUExCEL,3,I
634,EIStamu,3,I
413,EEP_TAMU,6,I
629,TAMUequipment,3,I
2889,AggieTimber,1,I
620,FOCUStamu,3,I
619,TAMU_ISA,4,I
614,AggieReplant,4,I
530,TAMU_MANRRS,4,I
612,TAMUPD_K9Mays,4,I
592,TAMUECON,4,I
591,AggielandYRBK,4,I
2902,TAMUHotelCC,1,I
396,TAMU_ASA,6,I
584,2024aggies,4,I
950,SCA_TAMU,2,I
581,TravelingAggies,4,I
563,TAMUFiesta,4,I
1763,TamuABMC,1,I
557,sbslctamu,4,I
553,DallasAggies,4,I
604,BESOTAMU1,4,I
379,TAMU_Safety,7,I
2678,TAMUGradSchool,1,I
1024,tamhn_aggies,2,I
2056,TAMU_Reveille,1,I
1554,tamucc_cla,1,I
1541,WTAMUMusic,1,I
2081,tamubtho,1,I
2082,TAMUExecEd,1,I
1527,aggiejet93,1,I
2143,texasaggierodeo,1,I
2149,aggiemyrrh,1,I
2152,CEOTAMUChapter,1,I
2213,TAMUASB,1,I
2222,AggieResearch,1,I
2230,maggieNYT,1,I
2239,emmonsaggie,1,I
1883,TamuPLSP,1,I
2249,tamuip,1,I
1442,ArmyAggie03,1,I
1391,atxaggie07,1,I
1826,TAMUReadsCounts,1,I
1397,friscoaggies,1,I
2317,ABStamu,1,I
1434,tamu1989,1,I
1576,AggieAdmin92,1,I
2019,tamu_atmo,1,I
1593,aggiefblife,1,I
1596,TAMUEngComm,1,I
2058,TAMUequine,1,I
1791,DgcTamu,1,I
1852,tamuwww,1,I
1854,AggieSTEM,1,I
1855,TAMU_edtech,1,I
1859,ADEP4Aggies,1,I
1871,TAMUclassof17,1,I
1878,ELInstituteTAMU,1,I
2250,HinojosaAggie09,1,I
2324,aggiesforhaiti,1,I
1881,SSC_TAMU,1,I
1808,teaach_aggies,1,I
2404,Aggie_Con,1,I
1056,txaggie2016,2,I
1020,TAMU_2020,2,I
1942,TAMUPhysAstr,1,I
1670,CRDLLA_TAMU,1,I
1657,Aggiegirl2016,1,I
1651,SULTANICAGGIE5,1,I
1976,aggieteach03,1,I
1630,aggie_KDP,1,I
1613,ALECaggies,1,I
1884,LambdaPiChiTAMU,1,I
2326,TAMUA2A,1,I
2328,aggieband89,1,I
2341,AggieFJSA,1,I
1200,tamu_apm,2,I
2531,tamu_ewalk,1,I
1175,WTAMUTrackXC,2,I
1161,texasaggielaw03,2,I
2591,BfcTamu,1,I
1124,Aggie_Meat,2,I
1122,AggiePhotogs,2,I
1121,MarshallMTAMU,2,I
1120,AggieHumor,2,I
1114,TAMUMRE,2,I
1886,WCL_TAMU,1,I
1894,tamuelection,1,I
2601,TAMUMathHelp,1,I
1100,SparkTAMU,2,I
1099,TAMU_Deltas,2,I
1098,TAMUPRESIDENT69,2,I
1086,TAMU_AVPA,2,I
1064,VOPTAMU,2,I
1048,AggieAshley,2,I
1034,AggieOutfitters,2,I
2657,the_good_aggie,1,I
1110,ResiTamu,2,I
2521,TAMUSGAFSN,1,I
1215,tamuamwl,2,I
2502,TAMUClassof25,1,I
1365,TAMUECE,1,I
2373,EnvironmentTAMU,1,I
2375,TAMULASC,1,I
2381,adse_tamu,1,I
2385,feminism4aggies,1,I
1352,TAMUSAalumni,1,I
2400,tamupsycbrain,1,I
583,WomenTAMU,4,I
1113,WTAMU_Admission,2,I
136,AggieMuster,28,I
680,HISP_TAMU,3,I
339,tamubaen,8,I
2499,AggieFacilities,1,I
2409,TAMURetail,1,I
1310,SanDiegoAggies,2,I
2443,TAMUEsports,1,I
1302,blueprinttamu,2,I
1297,tamuAAPO,2,I
2455,newtontamu,1,I
2456,TAMU_NatLabs,1,I
2460,tamuslide,1,I
196,TheEnglishAggie,15,I
2484,TAMUBusiness,1,I
211,hpctamu,15,I
1322,NewYorkAggies,2,I
370,AggieRingDay,7,I
1839,AggieFeed,1,I
249,TAMUPartnership,12,I
227,Tamu_BFSN,13,I
216,TAMU_Honors,15,I
214,VRSCTAMU,15,I
118,TAMUBGSA,34,I
1238,aggiemariachi,2,I
213,CoachE_TAMU,15,I
119,TAMUISS,34,I
63,tamugalleries,68,I
127,TAMUGeosciences,31,I
27,TAMU_CAPS,126,I
121,Aggiebound,34,I
202,GetToAggieGame,15,I
201,tamuweather,15,I
29,AggieSwimDive,119,I
122,JobsforAggies,33,I
200,TAMU_ATC,15,I
124,aggieachieve,32,I
206,tamucc_cose,15,I
125,TAMUFamilyWknd,32,I
207,TAMUpharmacy,15,I
128,TAMU_CPHA,31,I
229,SustainableTAMU,13,I
199,tamucarpool,15,I
232,ScowcroftTAMU,13,I
26,TAMUScience,127,I
264,TamuPPIP,11,I
263,TAMUyell,11,I
65,wtamu,67,I
30,hlkn_tamu,116,I
33,TAMUnursing,110,I
62,GainesTAMU,68,I
61,AggieMensGolf,68,I
159,TAMULawFS,21,I
23,TTITAMU,147,I
256,TEDxTAMU,12,I
24,TAMUmedicine,142,I
253,TAMUTexarkana,12,I
251,TAMU_Law_Global,12,I
248,TAMUClassOf23,12,I
25,aggietfxc,138,I
60,AggieCorps,69,I
158,aggiejournalist,22,I
240,TAMUQuidditch,12,I
238,TAMU_CSL,12,I
237,tamu_bsyb,12,I
235,TAMUDisability,13,I
233,TAMUPhysicsFest,13,I
265,TAMULettermen,11,I
129,historyTAMU,31,I
164,TAMULawACS,20,I
56,tamuresearch,74,I
160,TAMUMcFerrin,21,I
59,TAMUVMTH,71,I
22,TAMUclip,152,I
144,STANDUPTAMU,25,I
198,tspTAMU,15,I
146,tamu_csmre,25,I
43,TAMUWRC,89,I
55,AggieMTEN,78,I
45,TAMUabroad,85,I
157,TAMUOneHealth,22,I
155,TAMUARCH,22,I
154,FishCampTAMU,23,I
153,AggieDining,23,I
53,dmstamu,81,I
42,tamuwc,90,I
1326,TAMUDFWHispanic,1,I
262,TAMUHR,11,I
49,tamustuact,82,I
47,TAMULiberalArts,84,I
150,TAMU_UC,24,I
143,TAMUCT,25,I
130,TAMUYoungAlumni,31,I
38,The12thCanTAMU,104,I
165,TAMU_PEAP,20,I
32,tamustudentlife,113,I
147,tamu_scola,24,I
58,cehdtamu,72,I
151,tamu_sga,24,I
93,AggieWTEN,44,I
139,TAMUgardens,27,I
97,TAMUResLife,43,I
191,Aggie_Allies,16,I
186,aggietopcop,17,I
185,tamu_bsac,17,I
57,SuccessTAMU,73,I
35,tamulibraries,108,I
178,aggiewomensgolf,18,I
177,TAMULawSchool,18,I
176,GJGarciaTAMU,19,I
36,TAMUEngineering,108,I
37,AggieSoftball,106,I
174,TAMU_OCSS,19,I
171,TAMU_PKP,20,I
167,TAMUGreenDot,20,I
141,TAMUQ,26,I
20,AggieVolleyball,160,I
149,TAMUNAACP,24,I
306,tamu_ocean,10,I
356,TAMUischool,8,I
357,MSC_AggieCinema,8,I
348,TAMUtemag,8,I
12,AggieBaseball,231,I
8,TAMU_UGR,276,I
34,tamusystem,109,I
88,TAMUdental,50,I
358,TAMU_2022,8,I
87,TAMU_Biology,50,I
86,AggieVP,50,I
6,tamulgbtq,299,I
85,TAMU_SPH,52,I
105,tamusfaid,39,I
84,TAMUAdvocacy,55,I
3153,aggieprez,1,I
308,tamusuperfund,9,I
91,AggieEquestrian,46,I
107,TAMUPolice,38,I
16,TAMUDSA,174,I
5,NSFPtamu,306,I
315,TheBigEventTAMU,9,I
318,tamugeography,9,I
90,Clear_TAMU,46,I
11,TAMU_HP,242,I
335,AggieAthletes,8,I
83,TAMULawCSO,55,I
13,TAMU_SHS,228,I
89,aggieparking,47,I
92,tamuvetmed,44,I
103,hireaggies,40,I
350,TAMUCCCOE,8,I
15,AggieSoccer,180,I
101,TAMUOSS,41,I
327,TAMU_ASSP,9,I
351,tamu_innovation,8,I
323,tamuetid,9,I
320,aggiephotogs,9,I
102,tamuundergrads,40,I
14,aggiembk,213,I
117,tamu_sbp,34,I
9,Aggie_GR,274,I
360,Sex_ProjectTAMU,7,I
99,tamuc,42,I
3182,TAMU_Phiotas,1,I
291,TAMUDance,10,I
286,TAMU_OGAPS,10,I
284,vizlabTAMU,10,I
1217,ElrcTamu,2,I
281,aggiebigkickit,10,I
68,TAMUSanAntonio,67,I
280,GPSGTAMU,10,I
4,AggieWBB,307,I
78,TAMUCommandant,58,I
1,AggieFootball,592,I
94,TAMU_Law_Review,44,I
272,TAMULawAdm,11,I
369,TAMUAnnenberg,7,I
364,TAMUGENE,7,I
295,TAMU_SPMT,10,I
69,aggiespiritbus,66,I
3,AggieNetwork,377,I
82,TAMUVET1,55,I
293,TAMUINTS,10,I
2,TAMUHealth,429,I
72,TAMUCodeMaroon,64,I
113,AggieWomen,34,I
278,TAMU_IT,11,I
80,AggieDiversity,57,I
81,AggiesByTheSea,56,I
3183,Aggie_PhiPsi,1,I
303,NAISO_TAMU,10,I
108,AggieNetworkAmb,38,I
116,TAMUbrand,34,I
708,TXHealthInst,3,OI
512,usnews,4,OI
590,BrazosTxCEOC,4,OI
593,txmusicoffice,4,OI
545,TXTeachersCan,4,OI
617,HealthTechATX,4,OI
642,CoSIDAnews,3,OI
536,txresearch,4,OI
643,TXSportsHOF,3,OI
676,txamiucoed,3,OI
696,NBCNews,3,OI
556,dallasnews,4,OI
920,IIADnews,2,OI
776,lmtnews,3,OI
792,txcomptroller,3,OI
803,QueenBryanTX,3,OI
808,FreeBlackTX,3,OI
810,AleksBushNews,3,OI
837,TXMasonry,2,OI
883,amyeetx,2,OI
925,KBTXWeather,2,OI
943,txcattlefeeders,2,OI
985,SpecNewsATX,2,OI
1043,TXFilmWorks,2,OI
502,TXMedCenter,4,OI
1030,ExpressNews,2,OI
718,TPWDnews,3,OI
417,TXArchitects,6,OI
2180,ACLU,1,OI
310,KBTXRusty,9,OI
2080,PFF,1,OI
1141,KBTXConner,2,OI
2084,PHITHETAKAPPA,1,OI
2087,USTFCCCA,1,OI
2140,FBCSO,1,OI
2145,AVMACAN,1,OI
2161,TXGEN,1,OI
2163,ChagasTexas,1,OI
2190,NOAA,1,OI
1906,WWE,1,OI
3250,VersusTexas,1,OI
3258,TexasCounties,1,OI
3247,txadvproject,1,OI
7,TXAMFoundation,290,OI
40,TXForestService,95,OI
41,KBTXNews,92,OI
52,txamiu,82,OI
77,txextension,58,OI
111,CSTXPolice,36,OI
173,KAGSnews,19,OI
181,HeartOTXHeartMD,18,OI
182,TxWRI,18,OI
195,statnews,16,OI
223,KBTXShel,14,OI
230,healthysouthtx,13,OI
239,TXSeaGrant,12,OI
307,RebuildTXtoday,10,OI
381,FuturityNews,7,OI
1147,KBTXMia,2,OI
2915,NBCNightlyNews,1,OI
1172,RachieZTx,2,OI
2815,KBTXMax,1,OI
2830,USNewsInvesting,1,OI
2832,AHRQNews,1,OI
2835,NIDAnews,1,OI
2836,NIAAAnews,1,OI
2848,ElsevierNews,1,OI
2852,stlnewsonline,1,OI
2861,USNewsHealth,1,OI
2905,TheHistoryofTX,1,OI
2906,NewsMedical,1,OI
2910,TxChuy,1,OI
2912,LtGovTX,1,OI
2766,ItsTimeTX,1,OI
2926,meggersatx,1,OI
2931,keranews,1,OI
2967,txpharmacyboard,1,OI
3002,TxDOTBryan,1,OI
3013,recentertx,1,OI
3028,HCOnews,1,OI
3078,ENRnews,1,OI
3097,ShareTheRoadTX,1,OI
3145,TxWaterJournal,1,OI
3180,BrazosCountyTX,1,OI
3185,CSTXFire,1,OI
3195,EDFtx,1,OI
2067,TexasTechFB,1,OI
2930,ksatnews,1,OI
2755,FourPriceTX,1,OI
2746,StopTXSuicides,1,OI
2688,KBTXGrace,1,OI
1199,hcphtx,2,OI
1240,TxDPS,2,OI
1260,TxDOT,2,OI
1263,TXStateAquarium,2,OI
1294,TXWorkforce,2,OI
1339,TXKGazette,1,OI
1353,DrBuckinghamTX,1,OI
1359,PolishAmerTx,1,OI
1386,ZackCochranTX,1,OI
1390,TXMilitary,1,OI
1401,SurfingTopNews,1,OI
1420,DonnaHowardTX,1,OI
1428,NYAmNews,1,OI
1431,SouthsideNewsCC,1,OI
1476,JoaquinCastrotx,1,OI
1597,KAMCNews,1,OI
1661,danielreyestx,1,OI
1804,FoxNews,1,OI
2048,OneHealthNews,1,OI
2072,TXSportsLife,1,OI
2097,BradleyKingTX,1,OI
2129,Newsweek,1,OI
2187,DallasBizNews,1,OI
2393,ChrisATX,1,OI
2527,GarrettSmithTX,1,OI
2661,abcnews,1,OI
2667,GrowingUpTX,1,OI
1162,KBTXDonnie,2,OI
2059,OCEARCH,1,OI
3275,FistofJusticeTX,1,OI
2031,PBS,1,OI
2454,TexasSph,1,OI
2434,TIME,1,OI
2387,ASU,1,OI
2350,EYPAE,1,OI
2346,UTSAPHP,1,OI
2339,SCOTTLADARIUS,1,OI
2323,CAH,1,OI
2306,ABC,1,OI
1381,TexasHDC,1,OI
2650,ESPNNFL,1,OI
1313,WGAESF,2,OI
324,TVMA,9,OI
2459,CSCAA,1,OI
564,AAIHS,4,OI
525,BCAMC,4,OI
506,BCBSTX,4,OI
499,MSCSCONA,5,OI
460,TexasLawyer,5,OI
427,NCAA,6,OI
395,NSF,6,OI
382,NPR,7,OI
378,WHO,7,OI
344,TAMESTX,8,OI
334,TexasDSHS,8,OI
329,JAYDENPEEVY,9,OI
325,TexasMonthly,9,OI
560,FAFSA,4,OI
2592,WIRED,1,OI
2679,EASPORTS,1,OI
2726,TexasHHSC,1,OI
1604,BET,1,OI
2043,HEB,1,OI
1603,KTBS,1,OI
1590,TRLA,1,OI
1546,KHOU,1,OI
1462,CBSDFW,1,OI
2193,LLIS,1,OI
2201,USPS,1,OI
1371,AACSB,1,OI
44,PVAMU,87,OI
3248,USEEOC,1,OI
3236,TexasStandard,1,OI
3233,TLSC,1,OI
3230,TexasLawbook,1,OI
3203,VERDUNITY,1,OI
3173,CBLDF,1,OI
3123,AIAYAF,1,OI
3030,NCARB,1,OI
3029,BSAAIA,1,OI
2996,CockrellSchool,1,OI
2995,EA,1,OI
2962,NIEHS,1,OI
2928,TexasVeterans,1,OI
2793,TEDMED,1,OI
2246,WNYC,1,OI
2774,KCBIEHLER,1,OI
2760,BUSPH,1,OI
317,TexasVMF,9,OI
598,NCAACWS,4,OI
2838,FAO,1,OI
257,AAVMC,12,OI
843,CNN,2,OI
728,ORNL,3,OI
640,UPS,3,OI
839,SNGSOCI,2,OI
636,NASA,3,OI
626,SARCBV,3,OI
654,humanitiestexas,3,OI
666,PGATOUR,3,OI
706,TexasExes,3,OI
748,WCAMC,3,OI
774,blkingradschool,3,OI
820,ESPNCFB,3,OI
1005,TexasWesleyan,2,OI
826,IowaLawSchool,2,OI
1610,WTBSU,1,OI
1611,NAACP,1,OI
1621,UTSACOEHD,1,OI
1641,AACR,1,OI
1646,CSISD,1,OI
1674,NALEO,1,OI
1730,NWEA,1,OI
1782,SCBRINKLEY,1,OI
2197,texasgov,1,OI
1835,utexascoe,1,OI
270,LNLawSchool,11,OI
1932,TAHC,1,OI
832,southtexasisdhp,2,OI
876,LawSchoolTools,2,OI
1726,texasrsa,1,OI
910,NBA,2,OI
226,CPRITTexas,13,OI
890,TexasFilmComm,2,OI
224,statebaroftexas,14,OI
209,TexasDeptofAg,15,OI
187,NFL,17,OI
252,NCICRCHD,12,OI
180,NPHW,18,OI
138,TexasTribune,27,OI
114,BushSchool,34,OI
74,TDEM,60,OI
1247,TexasBowl,2,OI
50,SEC,82,OI
565,TracesofTexas,4,OI
197,KAMUTVFM,15,OI
603,HOARLLC,4,OI
247,RYHTexas,12,OI
968,vetschoolOH,2,OI
1008,USGBC,2,OI
1091,GMA,2,OI
1182,BushSchoolDC,2,OI
994,GenslerTexas,2,OI
606,NBCDFW,4,OI
865,WSJ,2,OI
1244,HACUDC,2,OI
1192,TexasFootball,2,OI
956,SWVS,2,OI
1214,TexasDFPS,2,OI
916,NIH,2,OI
2801,claramartel99,1,P
2802,britneypearson_,1,P
2806,hlth_4_all,1,P
2794,800273TALK,1,P
2811,Greyman_10,1,P
2813,kcolemom7,1,P
3228,Oregon_Law,1,P
3226,Lauterpacht_Ctr,1,P
3244,kit_johnson,1,P
2807,krista0955,1,P
3044,CMS_SRogers,1,P
2918,Construct_BP,1,P
3022,daniel_howarth,1,P
3036,ZHA_News,1,P
2756,CHI_Updates,1,P
2753,Immunize_USA,1,P
2752,LEAD_Coalition,1,P
3231,Prof_Farley,1,P
2866,FairWarning88,1,P
2792,MaggyTovar1,1,P
2869,laurenolivia_18,1,P
2913,austin360,1,P
2788,elena_andreyeva,1,P
1994,MichaelaRose98,1,P
2784,HHS_ORI,1,P
2137,LindseyHaley2,1,P
2872,T_rent116,1,P
2064,CMac217,1,P
2061,Texas_Pictures,1,P
2060,ToriAbner_,1,P
1978,treygroce2019,1,P
1982,Kayla_godwin,1,P
1985,LEMiller16,1,P
1987,DJRoche89,1,P
1988,schmidty_10,1,P
2785,BBC_Worklife,1,P
1989,Ted_Vierling,1,P
1999,tobyrocks3,1,P
3211,TXLaw360,1,P
2865,elainamarie2016,1,P
3206,SDaviesNBC5,1,P
2759,Systems4Action,1,P
2765,Katy_Phelps,1,P
2767,OBrien_IPH,1,P
2773,ACHI_Net,1,P
2779,BMC_series,1,P
2783,apraw_9,1,P
1992,cam_fuller,1,P
3199,cmfoodietruck1,1,P
1196,_vgarza,2,P
2878,R_RAW_SON,1,P
1197,eruss616,2,P
1201,MarcusBurris8,2,P
1202,blakesmith_11,2,P
1138,BTU_BryanTX,2,P
1135,dena_betts,2,P
1133,trisaratops21,2,P
1132,its_just_jacey,2,P
1040,reedme22,2,P
1041,jada_rai,2,P
1042,lejeune_lindsey,2,P
1189,TES_Spring,2,P
1045,TimEaton30,2,P
1050,Kerika_Green,2,P
1053,jane_mcook,2,P
1054,tylar_ransom,2,P
1059,celissa_11,2,P
1069,DillTrill_,2,P
1074,k12cto,2,P
1077,Luxurious_Lys,2,P
1078,mo_elizabeth_,2,P
1035,nihal_salem,2,P
2208,211TexasBV,1,P
1047,dinamichelle08,2,P
2875,juliagrace15,1,P
1188,rara04,2,P
3253,antonia_okafor,1,P
2880,awalker2004,1,P
2884,KBryson09,1,P
2885,LeslieFan_1,1,P
2888,Br_Knapp,1,P
3192,KaceyonFox7,1,P
2894,FAST_Ags,1,P
3049,TA_LifeHealth,1,P
2895,AMCP_Awards,1,P
2898,defense_news,1,P
2900,JacksonLeeTX18,1,P
2607,seranlucas1,1,P
2901,WT_CONHS,1,P
2903,Travis_L_Brown,1,P
3224,JEP_Chicago,1,P
2814,cindynemeth1,1,P
2722,_bonbon25,1,P
2733,hannah_murrow,1,P
2736,kaily_alex,1,P
2737,mmiller20910,1,P
2748,CBHEC_TAMHSC,1,P
3189,K9s4KIDS,1,P
2124,AHS_Think12,1,P
2833,NIH_ORWH,1,P
2207,agec_honors,1,P
2570,beng_320,1,P
2202,NEH_ODH,1,P
2519,kaylee__trotter,1,P
2520,hanandez07,1,P
2477,HighOnKayla_,1,P
2474,eab98_,1,P
2524,Courtney_EPrice,1,P
2528,tengland_150,1,P
2540,scientia_social,1,P
2541,emilym_1530,1,P
2543,hayley_lago,1,P
2545,sharpshooter_jv,1,P
2515,samilam4239,1,P
2548,cesart1198,1,P
2552,mikeforman21,1,P
2553,heylayy_,1,P
2561,zachydg_,1,P
2562,shreyarao_,1,P
2564,umm_im_paolaa,1,P
1079,Caron74B,2,P
3144,FrankHarber1,1,P
2571,emely_gz,1,P
2573,Hon3s_t,1,P
2575,alex_daleks,1,P
2551,TAMHN_HC,1,P
2576,EmilyNewby5,1,P
3262,pink_lady56,1,P
2513,hadhad20,1,P
2535,megan_money_mvs,1,P
2537,m_mariam26,1,P
2539,sk291439,1,P
2482,cvz_james,1,P
2483,RebekahJ85,1,P
2485,dk_prabhu,1,P
2112,ncats_nih_gov,1,P
2488,A__Mercado,1,P
2489,jalvarez14_,1,P
2491,11KChuwen,1,P
2514,12thManCreative,1,P
2492,guavacity_,1,P
2494,1dfanlilmamas,1,P
2495,wade_penn,1,P
2496,marirules1,1,P
2498,BobGrant21,1,P
2500,CaitlynMuck37,1,P
2501,NEH_Education,1,P
2503,isaiahsategna1,1,P
2508,eileen_lynch123,1,P
2511,The713sniper,1,P
2512,_raeganmiller,1,P
2493,helen_vas18,1,P
2206,simongerman600,1,P
2577,BryanHurtado34,1,P
2583,yaaasmine___,1,P
2464,tim_oconnor1999,1,P
2557,emilyguzman30,1,P
2472,LandonHolcomb2,1,P
2842,nih_nhlbi,1,P
2847,heart_south,1,P
2850,TAMHSC_IBT,1,P
2855,dr_sheffield,1,P
2859,DAREnet_EU,1,P
2862,drjaymad1,1,P
2003,ashton_hilsy,1,P
2219,NHM_Digitise,1,P
3221,JD_COT,1,P
1995,rwhitlock3,1,P
2136,we_are_JQ,1,P
2141,MrsWelch18,1,P
2151,je_light,1,P
2167,Matthew_Masek,1,P
2175,Citizen_Corps,1,P
2176,femaregion7,1,P
2178,ericmiguel45,1,P
2182,jk_rowling,1,P
2191,nature_org,1,P
2000,TheSpicyGinger_,1,P
2578,ibarrahugo77,1,P
2054,CRioux93,1,P
2037,THI_SCCResearch,1,P
2584,Marcologist44,1,P
2589,Cameron__Champ,1,P
2593,research_sis,1,P
2595,wendytgw7,1,P
2529,elisabeththarp1,1,P
2596,emilyc1397,1,P
2572,soy__nando,1,P
2526,oh_homiee,1,P
3062,syllabus_tweets,1,P
3048,twas4kids,1,P
2038,annelizzz_,1,P
2007,_The_silencer_,1,P
2010,__melisssaaaa,1,P
2011,ashley__franco,1,P
2012,zehrudina11,1,P
2015,xmichelle718,1,P
2018,jessica_0188,1,P
2020,AngelaRost17,1,P
2021,Britt__Renee,1,P
2025,cheeringuy100,1,P
3265,IEL_CAIL,1,P
2036,Texas_Heart,1,P
2009,mrudula_movva,1,P
1186,Finiti_Roy,2,P
423,AACN_GNSA,6,P
1181,MSC_FLC,2,P
2696,Seb_Falk,1,P
2698,MadelineMJ11,1,P
2699,yasmineacosta12,1,P
3256,EEOC_OFO,1,P
2700,_aileen_xx_,1,P
2703,alehus_,1,P
2704,cameo_epoh,1,P
2705,hectornino_,1,P
2707,dhudd12,1,P
2709,vanessa_paolaa,1,P
2694,shannon_hauck,1,P
2711,heidiiiii___,1,P
2714,jasminee05_,1,P
2716,taylor_the_riot,1,P
2654,marissanavarro_,1,P
2655,Robster_17,1,P
2659,SaraCoats_,1,P
1029,paofdez11071,2,P
911,Marc_A_Ramos,2,P
907,mike_bing,2,P
906,Kidz1stFund,2,P
901,MSC_ALOT,2,P
2712,mikami_boss,1,P
791,__dianita___,3,P
2692,victoriaaaa_rdz,1,P
2687,NASA_Technology,1,P
2630,JimNagy_SB,1,P
2631,leray_havard,1,P
2632,Binxsss_,1,P
2633,marielatrev_,1,P
2635,tymad7,1,P
2636,tylerward12345,1,P
2637,drewromero_42,1,P
2638,GermainX1,1,P
2640,OM_Choosewisely,1,P
2642,itsmelissakay_,1,P
2691,phernz5,1,P
2598,HaoHuang2020,1,P
2669,katyforrest23,1,P
2715,kathrina_____,1,P
2671,tyger16005,1,P
2672,deme_garcia99,1,P
2673,bobby__chambers,1,P
2675,malick_S17,1,P
2676,Donovangreen23,1,P
2681,xav_walk,1,P
2685,jahmirjohnson34,1,P
2686,Hunter_Erb66,1,P
2648,PVAMU_Media,1,P
2629,Pastor_Shorter,1,P
794,maxwright2k18,3,P
797,CDC_Cancer,3,P
927,BrianCurtisNBC5,2,P
930,tolga_k,2,P
935,devin__jiang,2,P
951,burgoon96,2,P
952,hey_ciara,2,P
953,KaitlynMcC22,2,P
870,ARCHI_Texas,2,P
958,ARC_Committee,2,P
964,kimbchi19,2,P
972,joshua_rohloff,2,P
919,Boehringer_AH,2,P
974,Cline_alderete,2,P
978,Esirius2014,2,P
981,_jules2020,2,P
983,WAAVP_2019,2,P
986,Almost_Academic,2,P
998,federico_palomo,2,P
1007,US_FDA,2,P
1014,Cooper__Elliott,2,P
1016,seigga1999,2,P
963,jac201315,2,P
2486,girouard_dana,1,P
977,Sam_Peshek,2,P
796,mjmiller8804,3,P
917,Astro_Eustice,2,P
1491,jomoody23,1,P
804,n_latham84,3,P
806,Scott_Spaulding,3,P
818,Dr_ALayton,3,P
821,Lauren_Imbriano,3,P
822,rwrichter20,3,P
824,AIA_AAH,3,P
825,LilyMunster08,2,P
827,weston_cindy,2,P
834,twdb_kathleen,2,P
1031,code_cherry,2,P
1822,TH3BlackGoddess,1,P
840,EJW_org,2,P
846,Pluugs26,2,P
853,Proof_Alliance,2,P
855,chappell_tyreek,2,P
859,futuro_drvicks,2,P
1027,epi_kaur,2,P
1023,catharper11,2,P
1021,EmmittSmith22,2,P
1018,whitneywags_,2,P
2664,JPMendez76,1,P
2710,princess_imann,1,P
845,webmz_,2,P
1083,SAGE_Methods,2,P
2628,josemoralesv_,1,P
2624,hvnnvh___,1,P
1177,perkinswill_HOU,2,P
1085,Jumpboyyul1,2,P
1087,Texas_LRE,2,P
1089,Action_Ball,2,P
432,CourtneyCW39,5,P
434,StJoseph_Health,5,P
440,gradt1216,5,P
444,KRIS6News,5,P
446,Wydermyer81,5,P
449,AAAconference19,5,P
1171,caraann0225,2,P
451,Veritas_DVM,5,P
463,ANHayden1997,5,P
471,KaciSeegars2,5,P
363,Bush41Library,7,P
349,BucketsAll_Day,8,P
347,JManziel2,8,P
333,The_NAVC,8,P
10,carrie_byington,248,P
17,12thMan,172,P
31,12thManFndtn,113,P
48,MSC_WBAC,84,P
455,Lion_Athletics,5,P
106,Prof_Holland,39,P
1170,ms_drodriguez,2,P
1168,12thmanPR,2,P
1173,KyleField_12th,2,P
885,jocotx_em,2,P
886,advance_abby,2,P
887,bcs_qfs,2,P
889,CoachTRob_,2,P
841,djuba52,2,P
790,WallisBthe1,3,P
1032,Mays_MasterCast,2,P
1038,codi_rynn,2,P
1142,Alison_theBSide,2,P
1169,Dolph1186,2,P
1143,Chappyboy21,2,P
1148,J_Chan2,2,P
1151,beatrizrar13,2,P
1152,porthos93,2,P
1154,AndrewMonaco_Sr,2,P
1155,_Foleyloaded,2,P
1157,RemStrick2021,2,P
1158,MyJone98,2,P
1160,MaryMares04,2,P
1163,drenfro12,2,P
1166,Ceo_diego,2,P
1146,madison_kettler,2,P
2625,Realrclark25,1,P
123,WTAW1620,33,P
179,TexasAMPoliceK9,18,P
387,12thManP,7,P
392,Griffith_SPH,6,P
394,tdots25,6,P
398,DemondDemas1,6,P
399,meganging_,6,P
403,TJRushing20,6,P
406,J_Rey_11,6,P
365,Mostafavi_Ali,7,P
3260,Hazim_Mandavia,1,P
877,Stephbrad07,2,P
386,MichaelZGreen1,7,P
861,Pharmacy_Times,2,P
2662,katietraylor3,1,P
2610,the_passmore,1,P
2611,HLPayne_23,1,P
2612,juliarose112,1,P
2613,Jessica_Celedon,1,P
2614,Emma5764,1,P
2615,brittannyyy17,1,P
2619,ORNL_PhysSci,1,P
2621,Thomas3Noah,1,P
2623,gabbyy_garciaa_,1,P
2668,bknubs_2K21,1,P
163,MSC_CAMAC,21,P
385,Pharm4Me,7,P
383,Laura_Falco14,7,P
188,Coach_TPrice,17,P
194,jwang311,16,P
204,APA_Planning,15,P
3181,CALEA_org,1,P
418,Ab2minkU,6,P
416,pvamu_coe,6,P
410,sshelby_ns,6,P
1094,AERA_EdResearch,2,P
1096,WSP_Vets,2,P
1097,TAMHSC_OIT,2,P
384,rfischer_phd,7,P
1102,thehart_oftx,2,P
1108,moko_jordan,2,P
1109,4Bishops91,2,P
1126,brandonnn_44,2,P
1131,MrsMartin_247,2,P
1082,yogi_jarod,2,P
1203,femaregion8,2,P
789,k8_johnson_,3,P
880,pms777law,2,P
777,ADR_Prof,3,P
367,_CheriseC_,7,P
1104,tenorclef530,2,P
2922,EAB_Daily,1,P
3110,OMNIPLAN_Arch,1,P
3146,ldav14,1,P
624,ainias_smith,3,P
638,Steve_Kuhlmann,3,P
652,KingOkeke615,3,P
655,BTowles1,3,P
656,MjDaniels11,3,P
657,sharonlime85,3,P
658,landon_harrell,3,P
668,Albertregis44,3,P
675,Antonio_johns0n,3,P
513,SpawGlass1953,4,P
515,CoachDickey1,4,P
521,_Jstern,4,P
1601,JulieNelson_,1,P
487,12thManTrue,5,P
1602,APLU_News,1,P
1607,lanethibodeaux1,1,P
1608,VIA_Transit,1,P
1609,JMLopezG15,1,P
1612,DerekJohnson00,1,P
1615,maze518,1,P
1616,ShaneHudson27,1,P
1622,Renton_Schools,1,P
1626,LMontalvo17,1,P
1634,VanessaKENS5,1,P
1649,amann4edu,1,P
1654,bekahjo09,1,P
1656,kdubb1222,1,P
1659,BrandonH_Core,1,P
1606,IsaacT_2,1,P
476,jeff_mccanna,5,P
783,Texas2036,3,P
244,PFF_College,12,P
766,Shane_Hinckley,3,P
772,Makingitup3,3,P
623,clarkent_,3,P
622,WakeEmUp9,3,P
616,sjarvis00,4,P
615,Messina_Hof,4,P
490,ASCRegion8,5,P
493,JohnMA_24,5,P
494,sarah_lemire,5,P
496,QuartneyDavis1,5,P
497,ArmaniWatts23,5,P
500,dom_solo,5,P
684,taylorpaige1299,3,P
509,Austin_Ford,4,P
679,briannag9816,3,P
672,ECrownover24,3,P
246,Blinn_Hensley,12,P
261,bobbyiii5,11,P
268,WeDoRecover24_7,11,P
271,Foebg_1,11,P
273,Coach_Henson,11,P
294,GregAbbott_TX,10,P
296,TK9jackie,10,P
299,boimarv9,10,P
309,5thCircAppeals,9,P
312,MSC_VAC,9,P
313,FGarza2021,9,P
319,isaiah_spiller,9,P
331,MSC_FLI,9,P
1664,alexh3791,1,P
764,emily_cepeda,3,P
1665,benag89,1,P
1582,SalinaSk98,1,P
1586,Emily_monte11,1,P
1588,ElephantWalk19,1,P
576,tia_mechelle,4,P
1346,EyeDocMike98,1,P
1354,bk_holt,1,P
1356,srgaudet95,1,P
1949,meIissa_vanessa,1,P
1947,Gabrielh_15,1,P
1945,angiegar519,1,P
1944,G_Maybe,1,P
1943,rolerdo99,1,P
3266,HG_Rights,1,P
1941,Mrs_LGarcia,1,P
1585,ljs8887,1,P
1940,Colbiejo_,1,P
1911,sanketsir10,1,P
1935,Gigem2022,1,P
1933,VSCP_AgriLife,1,P
1927,AD_66kg,1,P
1926,anp16,1,P
1921,jewels1009,1,P
1920,jas_berganza,1,P
1919,adlz0198,1,P
1916,ihepburn0118,1,P
1915,clayford_rex,1,P
1914,alxgzz202,1,P
1913,rebecca_schein,1,P
1912,not__salazar,1,P
1937,hannah__belle,1,P
1583,allyson_sadler,1,P
1209,The74,2,P
1205,christensen2023,2,P
1579,khendo2012,1,P
1578,KPRC2,1,P
1574,cassedup_shawty,1,P
1515,R23FOX,1,P
1516,yuliiianaaa_,1,P
1594,slepley7,1,P
1592,adv_in_texas,1,P
1591,NewsChannel10,1,P
1589,HarrisCBS46,1,P
522,ryantannehill1,4,P
535,_NoLimitMari,4,P
537,Batt_Arts,4,P
485,tmoore94,5,P
540,badgalvivi_,4,P
546,dog_rates,4,P
547,TracyClark08,4,P
551,Coach_Jo_Evans,4,P
554,TLAC_UGAdvising,4,P
562,Dr_Eli_Jones,4,P
566,Schultz_Report,4,P
571,nsobol123,4,P
1343,Jay_Payton02,1,P
573,Team_BLONDIE,4,P
582,Morris_Animal,4,P
587,susie_hatfield,4,P
588,allirox30,4,P
596,dmorris_11,4,P
542,SarbajitBanerj1,4,P
1204,Fvmous_ey,2,P
1667,jmeza1989,1,P
2214,fhinojosa71,1,P
761,K_Green_01,3,P
757,Jared_Hocker,3,P
1533,_KateMcneill_,1,P
1535,KABBFOX29,1,P
1539,Kathryne_1323,1,P
1540,raleighb14,1,P
1677,POTUS44,1,P
1542,Vivian_Cassina,1,P
1545,mabeaner423,1,P
1547,goodag84,1,P
1548,agvet2004,1,P
1549,crewtons_,1,P
1553,24hoursoflemans,1,P
1559,KLWall88,1,P
1562,JoelUtzAg94,1,P
1531,25NewsKXXV,1,P
1563,_cj_garcia_,1,P
1566,DanielGarcia711,1,P
1567,Tarleton_COGS,1,P
1568,Upgrade_SATX,1,P
1572,rachel01___,1,P
1543,Sarah_Helenn,1,P
1512,andres_g_9,1,P
1681,rebmorg01,1,P
1755,_queeldiablo,1,P
1526,brandie_sue17,1,P
1749,1Deondrejackson,1,P
1688,dennis_descant,1,P
1508,drew_louisee,1,P
1506,_xautumn,1,P
1565,qui_gon_jinkies,1,P
1530,jdspearman12,1,P
1529,vickers_stephen,1,P
1687,lisaggray19,1,P
2071,donovanmcmillo3,1,P
1761,theLUXURY_tax,1,P
1767,_KingsleyP,1,P
1769,AndresPinedo15,1,P
1771,feliciaaaxx_,1,P
1772,krw18,1,P
1773,its_maryj,1,P
1775,_BrittneyJanee,1,P
1776,yasminekay_,1,P
1779,_aztec__,1,P
1780,Bigg_fellafe,1,P
1781,MayaRich56,1,P
1783,_michally,1,P
1784,JDEB__,1,P
1790,TyraLaster2,1,P
1792,BethanyBonsu17,1,P
1793,Smooth_Traveler,1,P
1794,EarthtoAnne_,1,P
1801,1800SWIM,1,P
1802,NeoSoul_Queen8,1,P
1807,Gabe_Guerra224,1,P
1809,mackenzie_latta,1,P
1814,ranitaray1,1,P
1817,Woezzz_,1,P
1821,purpleroses93,1,P
1754,Caitlin_Mayer,1,P
1758,BennyNeutron_,1,P
1751,Supreme_Trey02,1,P
1757,_itsnotdaniel,1,P
1291,_bridegrate,2,P
758,Ryan_McCollum77,3,P
1292,kiii3news,2,P
1296,ABC7Amarillo,2,P
1712,DWAZ73,1,P
1713,alex_kirshner,1,P
1683,DA_magazine,1,P
1714,KJ_13_,1,P
1716,YungSimba4,1,P
1717,bwhite5350,1,P
1718,TheAntHines_Era,1,P
1721,K_J1GGA,1,P
1724,EdDiveK12,1,P
1729,OohShiny_Sarah,1,P
1731,SEC_Chuck,1,P
1732,younglove1020,1,P
1736,Ajones3855,1,P
1708,connorchoate1,1,P
1737,Devin_Price3,1,P
1744,ThatsLEFTY117,1,P
1521,bigb_1098,1,P
1519,megscott3013,1,P
1518,natalienteran16,1,P
688,AoT_BCS,3,P
693,KAMRLocal4News,3,P
700,angelmadison_,3,P
714,TheB1M,3,P
723,Astro_Buckeye,3,P
724,Breakaway_PR,3,P
736,AgProfJB1,3,P
738,DorianGray1911,3,P
745,BlakeJohnson14,3,P
1739,12thManPWill,1,P
1706,wmcaldwell70,1,P
1703,dwmcclellan48,1,P
1702,j_michael86,1,P
1298,CoreyMiles__,2,P
1300,hello_jordan99,2,P
1303,NASA_Astronauts,2,P
1304,kenya_sophiaa,2,P
1307,_josieheflin_,2,P
1308,Erik_McCoy_73,2,P
1309,ChrisMo75901,2,P
1311,careni30,2,P
1314,raqueLopez2714,2,P
1315,rebeccaaa23,2,P
1318,camryndavis7,2,P
1323,Bnika_Charrise,2,P
1324,RubenMendez715,2,P
1332,cassie_stricker,1,P
1334,h_rosie_,1,P
1337,dlee093,1,P
1338,brittanylayne27,1,P
1340,texag_96,1,P
1342,k8wellings,1,P
1510,l0ladri,1,P
1745,trevwood80,1,P
1715,5stardonell,1,P
1743,Gil_Brandt,1,P
1689,jrdlr_atm,1,P
1693,eli_stowers3,1,P
1694,Southern_Living,1,P
1695,ii_cooks,1,P
1697,MikeEvans13_,1,P
1701,Greg_Haralson,1,P
1295,cdiem05,2,P
2073,12SportsAZ,1,P
3119,Design_Week,1,P
1951,Biri_26,1,P
2078,BrenenT11,1,P
2077,HP113k,1,P
2076,tuenchi_meche,1,P
2075,Prater_76,1,P
1973,christina_ceh,1,P
1969,matth_512,1,P
1968,BUS_12,1,P
1877,KelliL1994,1,P
1905,3hunnta,1,P
1413,Dr_Landmark,1,P
1411,JenAg11,1,P
1407,nature_tx,1,P
1405,chanflem97,1,P
2079,briangeorge1100,1,P
1494,Bee_johnson99,1,P
1496,nickpellegrin0,1,P
1499,Jocy_line15,1,P
1503,xxshelby0428xx,1,P
1505,Amandas_17,1,P
1484,alexis_moralees,1,P
1831,Comm_College,1,P
1441,k_r_spencer,1,P
1438,brooke14__,1,P
1368,jenna_shaw3,1,P
1372,femaregion6RA,1,P
1900,LeuelA48,1,P
1373,Butler_Snow,1,P
1377,mamared82,1,P
1495,sce_98,1,P
2083,Rob_Childress,1,P
2085,TheReal_Will,1,P
2090,Coach_Kennedy,1,P
1235,NHC_Atlantic,2,P
1241,CoachMo15,2,P
1245,funds4disaster,2,P
1248,deuce_fatheree,2,P
1250,Iam_dxii,2,P
1361,_kendradavis,1,P
1253,MoiraSalinas16,2,P
1255,micamoney11,2,P
1256,trenchbaby52,2,P
1259,TexasMS150,2,P
1262,AlexMill20,2,P
1265,sean_nimmons,2,P
1266,bigg_dan65,2,P
1271,m_allen918,2,P
3276,Coog8806,1,P
1492,elprofessor_13,1,P
1493,__brandonkim,1,P
1415,KWKTFOX44,1,P
1418,morgen_jones,1,P
1421,Nurly13,1,P
1422,Kirstin_Burnett,1,P
1423,ra_stein,1,P
1427,dan_biles,1,P
1435,akagav8r,1,P
1436,DeronWood91,1,P
1399,Menendez4Texas,1,P
3279,Sha_Clack_Clack,1,P
2103,Reveille514,1,P
2102,Grayson_JC,1,P
1379,aves2112,1,P
1234,_cadendavis,2,P
1382,goodthoughts65,1,P
1384,not_that_eric,1,P
3149,dannyaray89,1,P
2468,The0nlylamar_,1,P
2721,raegannicole0,1,P
3179,ChrisPeters52,1,P
2718,hperlaaa_,1,P
2924,ASE32ndCongress,1,P
2923,PeteFlores_TX,1,P
3063,lochbessm0nster,1,P
3065,HeavyKevy666,1,P
3136,ZeroSix20,1,P
3067,law_soc,1,P
3070,Sapnaj95,1,P
3071,_SWinter,1,P
2999,blairmw07,1,P
3079,Docs4Cycling,1,P
3085,wright1000,1,P
3087,lc_asla,1,P
3096,Construct_arium,1,P
3098,perkinswill_DAL,1,P
3134,Barry_adapts,1,P
3101,The_ACSP,1,P
3102,JP_Langford,1,P
3105,lancaster_j,1,P
3115,JPER7,1,P
3118,Axter_Ltd,1,P
3126,AIA_Media,1,P
3021,WHurst1,1,P
2916,txtf1,1,P
3082,e_jaffe,1,P
3151,dianeasmith1,1,P
2988,stephanie_grayy,1,P
2985,whoop97,1,P
1387,Jesus_GT3,1,P
1388,stojkovic_alex,1,P
1389,twoodard8,1,P
1392,classcouncils21,1,P
1440,klblevins1,1,P
1395,melissajewel_3,1,P
1402,Kirby_Matocha,1,P
1374,SarahforHD134,1,P
475,CES_Baker_Inst,5,P
210,zenvet23,15,P
208,jgm41,15,P
2929,sacbee_news,1,P
2932,Essentium3D,1,P
2933,ParkerTodd16,1,P
2943,fenoglio3,1,P
2944,Kfischer_10,1,P
2947,KENS5,1,P
2953,Mission_Ready,1,P
2955,HHS_ASH,1,P
3163,mee003,1,P
2956,NCDs_PAHO,1,P
2960,Mi2innovation,1,P
2965,health_tweets,1,P
2970,Gr8rTXFdtn,1,P
2975,kritten14,1,P
2976,linzyw01,1,P
3156,agczar10,1,P
2978,mmontgomery2016,1,P
2981,ElPaisano1835,1,P
1383,stone_kinsey,1,P
1232,SamGarcia531,2,P
1228,croush1026,2,P
1227,bazan_brianna,2,P
2397,Astro_Matt27,1,P
2298,Devin3price,1,P
2399,Kareemfarah23,1,P
2440,A_MWomensChorus,1,P
2281,DevonManuel3,1,P
2329,greatbrit18,1,P
2231,devi_lockwood,1,P
2241,danilaserra_eco,1,P
2448,bobathefett21,1,P
2256,tessa_moreno_,1,P
2452,keleighshea12,1,P
2252,saracurrie111,1,P
2244,HHSRegion6,1,P
2392,angus17evans,1,P
2449,_almagonzalez_,1,P
2258,adrianamrtnz25,1,P
2262,Kristen_Brown5,1,P
2233,_MorganReilly,1,P
2451,laalvarado00,1,P
2243,Ire_Calboli,1,P
2457,Hky21Mom,1,P
2234,Ronney_Stadler,1,P
2255,tschoonmaker98,1,P
2301,nguerra2,1,P
2377,aaranderson96,1,P
2302,renecon20,1,P
2303,_wenwoo,1,P
2415,faith_uwadiae,1,P
2445,bj_carden,1,P
2299,C_russelljr4,1,P
2288,colaboy_j5,1,P
2413,karen_wooley,1,P
2403,doug_keegan,1,P
1954,cristinac1218,1,P
1960,kels3ylee,1,P
1891,Graciebmckin35,1,P
1890,d_robinson78,1,P
1889,dog_feelings,1,P
1887,pierceb17,1,P
1882,YashwantVyas21,1,P
3271,coachscales35,1,P
1874,tyler916,1,P
1909,spaceboyone_,1,P
1870,alletta_porter,1,P
1868,theman2by4,1,P
1863,__aireanna,1,P
1862,KHood1998,1,P
1858,vegan_frances,1,P
1857,J_Jones3,1,P
1851,ayy_ruby,1,P
1849,abbylizbet2013,1,P
1846,AubreyVoigt10,1,P
1845,emilymican2017,1,P
1843,Gabriel95Cruz,1,P
1841,broach93,1,P
1907,dex_in_tex,1,P
1910,hovey42,1,P
1964,lulu_mckinney4,1,P
1938,edenl14,1,P
1955,Deycallme_china,1,P
2291,sillyili01,1,P
2286,ChrisLew__,1,P
2284,MightyMal_2,1,P
2280,KendalDaniels__,1,P
2428,Yoojung1988,1,P
1445,marley_gilmore,1,P
1450,sara_brownie98,1,P
1456,Nancyydiaz14,1,P
1458,pulloutday22,1,P
1461,KelseyMPayne1,1,P
1463,Aaron_D_Rose,1,P
1465,CheekyLizz27,1,P
1468,capt_Adrian28,1,P
1470,eryncrenshaw33,1,P
1474,gisd23,1,P
1475,jasman_kaur,1,P
1480,mikalah_taylor,1,P
1443,annieirwin__,1,P
1483,bayleegriffin_,1,P
1486,marybethkirk127,1,P
1487,jarvieee_13,1,P
1488,hannah_junebug,1,P
1277,MsClark6ELA,2,P
1489,DanDanonino1,1,P
1273,TISD_HT,2,P
1268,reagan_graves,2,P
1290,wagle_bagel,2,P
1287,lil_drumer_boi,2,P
1285,MAJIN2UU,2,P
1284,letyleon7,2,P
1211,msheppard1968,2,P
1213,danidi04,2,P
1220,American_Heart,2,P
1226,bitter_sky,2,P
1444,clemas61,1,P
3020,more_than_green,1,P
1366,Lions_FB,1,P
1363,Tim_McMurray,1,P
2276,KevinDuong_2,1,P
2275,chris_komatsu,1,P
2430,a_ehnbom,1,P
2274,tysheemjohnson5,1,P
2273,Impact360A,1,P
2270,morganp1216,1,P
2268,vanessauf_,1,P
1898,ScottRichards9,1,P
2432,NASA_Marshall,1,P
2407,MoMath1,1,P
2292,nimesh3t,1,P
2265,cruzjohanna45,1,P
2293,dmantherealest1,1,P
2331,Annie_Andersen,1,P
2332,thoughtforfood_,1,P
2319,fauhs_research,1,P
2315,VonsVision58,1,P
2355,mhendrick_sa,1,P
3264,bigjake55555,1,P
2308,Astro_Jessica,1,P
2356,Broaddus_Assoc,1,P
2435,Gamecock_OUR,1,P
243,_DeuceHarmon_,12,P
1899,astro_kassie,1,P
1901,Kiran_judgee,1,P
1280,Ceralion73,2,P
1282,jared_adk,2,P
1283,rachellann13,2,P
1254,dr_tiffcliff,2,P
1364,Tubaboss24,1,P
1893,annakaren_01,1,P
18,IslandCampus,167,I
19,TheBattOnline,161,I
21,reveille,154,I
28,theeagle,126,OI
39,PhiBetaKappa,99,OI
46,TEESresearch,84,I
51,TarletonState,82,OI
54,GabrielEckstein,78,P
64,glasscockcenter,68,I
66,RossBjorkAD,67,P
67,JavelinaNation,67,I
70,amightygirl,66,OI
71,SECNetwork,66,OI
73,TradCouncil,61,OI
75,AVMAvets,59,OI
76,maysbusiness,58,I
79,teextweet,57,I
95,ConversationUS,44,OI
96,RELLIScampus,43,OI
98,RecSports,42,I
100,CURinAction,41,OI
104,aglifesciences,39,I
109,NCADDNational,38,OI
110,BlinnCollege,37,OI
112,MaroonCoats,35,I
115,launchlc,34,I
120,JustCallMeKourt,34,P
126,TheSECU,32,OI
131,MSCPrograms,31,I
132,JackManhire,30,P
133,GutGirlMD,30,P
134,Buccaneers,29,OI
135,HuffinesDir,28,I
137,Ahdieology,27,P
140,travisgasper,26,P
142,saharazizlaw,25,P
145,InsiteBV,25,I
148,CityofCS,24,OI
152,htpapaco,23,P
156,TheVETRecruiter,22,OI
161,CDCgov,21,OI
162,Broncos,21,OI
166,rellisedu,20,OI
168,TheKellenMond,20,P
169,CityLab,20,OI
170,nicolalritter,20,P
172,msctownhall,20,OI
175,UTHealthSAMDA,19,OI
183,BushFdn,17,OI
184,megancarpenter,17,P
189,BryanPolice,16,OI
190,Browns,16,OI
192,gamasutra,16,OI
193,AllHazardsTFS,16,I
203,TrayveonW,15,P
205,markburge,15,P
212,phikappaphi,15,OI
215,LuisPonjuanPhD,15,P
217,patrickjstover,14,P
218,Titans,14,OI
219,dezeen,14,OI
220,mscopas,14,I
221,michaelsola,14,P
222,AgriLifeTODAY,14,I
225,OrangeBowl,13,OI
228,AZCardinals,13,OI
231,jollenl,13,P
234,DrTaraGoddard,13,P
236,AVMAJournals,13,OI
241,ViVetUK,12,OI
242,falloutstudio,12,P
245,NextCityOrg,12,OI
250,CariRincker,12,P
254,Architizer,12,OI
255,AgriLife,12,I
258,SchomburgCenter,12,OI
259,AIANational,12,OI
260,TexAgs,11,I
266,MicahJGreen,11,P
267,CGillaspia,11,P
269,DogAgingProject,11,OI
274,ChrisOdinet,11,P
275,ShellyBrenckman,11,P
276,CityofBryan,11,OI
277,emptydoors,11,P
279,DrGiroir,11,P
282,ArchDaily,10,OI
283,JPHMPDirect,10,OI
285,stevefullhart,10,P
287,Vikings,10,OI
288,PrezMatson,10,P
289,RamsNFL,10,OI
290,HISDRecruiter,10,OI
292,ASPPHtweets,10,OI
297,HoustonChron,10,OI
298,GovAbbott,10,P
300,SmartGrowthUSA,10,OI
301,OriginalJaylon,10,P
302,thememoryworker,10,P
304,SkanskaUSA,10,OI
305,pharmacists,10,OI
311,FightCRC,9,OI
314,BryanISD,9,OI
316,LibraryMedlin,9,P
321,PVAMUresearch,9,I
322,CHIStJoseph,9,NO ACCOUNT
326,BrazosCoHD,9,OI
328,sleazyjo,9,P
330,AshaWinfield,9,NO ACCOUNT
332,smartcitiesdive,9,OI
336,CarleePurdumPhD,8,P
337,eduhokom,8,NO ACCOUNT
338,drjjblake,8,P
340,nchchonors,8,OI
341,DouglasPils,8,P
342,TurnerMidAtl,8,OI
343,FindLawLP,8,NO ACCOUNT
345,Ravens,8,OI
346,MylesLGarrett,8,NO ACCOUNT
352,TheAmScho,8,OI
353,GigemNick,8,P
354,CSPDAsstChief,8,NO ACCOUNT
355,McNamaraDr,8,P
359,hollyshive,7,P
361,tasanet,7,OI
362,BushCombatDev,7,OI
366,UTAustin,7,OI
368,TrynaGrad,7,OI
371,ConstructConnx,7,OI
372,nytimes,7,OI
373,MaysInnovation,7,I
374,AAEPHorseDocs,7,OI
375,VonMiller,7,P
376,SingingCadets,7,I
377,CoachSantucci,7,P
380,BrazosCountyDA,7,OI
388,jenmercieca,7,P
390,AgsToRiches,6,I
391,SigmaXiSociety,6,OI
397,MiraNousCoach,6,P
400,TnPDiamond,6,P
401,mscwiley,6,OI
402,packers,6,OI
404,adoptiontalk,6,P
405,AmerMedicalAssn,6,OI
407,theregoeskeeath,6,P
408,LairmoreDVMDean,6,P
409,AAUniversities,6,OI
411,MaysCIBS,6,I
412,fwbusinesspress,6,OI
414,Baylor,6,OI
415,CLSscholarship,6,OI
422,statesman,6,OI
424,thedixiechicken,6,OI
425,AmyLFairchild,6,P
429,ProfessorJepson,5,P
430,MeredithDVM,5,P
433,chronicle,5,OI
437,architectmag,5,OI
438,SPMTInternInfo,5,I
439,marklamster,5,OI
441,LarrySuva,5,P
442,sportravacademy,5,OI
443,ncsudvmphd,5,P
445,reesassociates,5,OI
447,DrHodo,5,P
450,TysonVoelkel,5,P
452,TSUGlobalCampus,5,NO ACCOUNT
453,NWSHouston,5,OI
454,ProbascoRobert,5,P
456,barbri,5,OI
457,TeamCoachBuzz,5,P
458,msjdorg,5,OI
459,AnnetteKRegan,5,P
461,SaludAmerica,5,OI
462,DaylonMack,5,P
464,FirstgenCenter,5,OI
466,CoachGSoccer,5,P
467,RathodAniruddha,5,P
468,planetizen,5,OI
469,LoneStarConf,5,OI
472,CDCemergency,5,OI
474,CityofMcAllen,5,OI
477,TheAALS,5,OI
478,ncaawbb,5,OI
479,BrentZwerneman,5,P
480,ABAesq,5,OI
481,NAHBstudents,5,OI
482,kerathink,5,OI
484,therealdemani,5,P
486,PlutoCarson,5,P
488,vcasadop,5,P
489,saraberrett,5,P
491,UrbanLandInst,5,OI
495,CoachColey,5,P
501,williambyrnes,4,P
503,CoastalResilCtr,4,OI
504,NewUrbanism,4,OI
505,BrazosValleyEDC,4,OI
507,TipToeinJordon,4,P
508,MADDOnline,4,OI
510,SalisburyBrooke,4,P
511,MickeyDyIan,4,P
514,SEConCBS,4,OI
516,chiefkidd,4,I
517,utsystem,4,OI
518,DallasArchForum,4,OI
519,CottonBowlGame,4,OI
520,drugfreedc,4,OI
523,startelegram,4,OI
524,RHRGateway,4,OI
527,MadubuikeJustin,4,NO ACCOUNT
528,keristephens,4,P
529,CCAlliance,4,OI
532,OfficialAgBands,4,I
533,AACNPolicy,4,OI
534,joshfoxfuller,4,P
538,TEEXSafety,4,OI
539,Klodeko,4,OI
541,TomBamonte,4,P
543,CoachMikeElko,4,P
544,janmundine,4,P
548,TheRobbGroup,4,OI
549,THCallaghan,4,P
550,TarletonSports,4,OI
552,IPProfEvans,4,P
555,amarilloglobe,4,OI
558,HurdOnTheHill,4,NO ACCOUNT
559,peytonisthename,4,P
561,GregWHartman,4,P
567,ABAJournal,4,OI
568,HardRockStadium,4,OI
569,AgsREACH,4,I
570,cherrybombjulz,4,P
572,vgonlin,4,P
574,SpringISD,4,OI
575,kokesuthan,4,P
577,MaroonOut,4,I
578,AldineHR,4,OI
579,AstroScholarFdn,4,OI
580,VetoNetwork,4,P
586,DiverseIssues,4,OI
589,bailsssss,4,P
594,TheJhamonAusbon,4,P
595,CoachGaryBlair,4,P
597,IAarchitects,4,OI
599,KnuckleheadsClb,4,OI
600,stacirende,4,P
601,ProfMarkovic,4,P
602,StrongTowns,4,OI
605,NationalASLA,4,OI
607,doccgood,4,P
608,aleegatorrr,4,P
609,WRIRossCities,4,OI
610,nyjets,4,OI
611,WykoffMatthew,4,P
613,brentonhcooper,4,P
618,Russwarne,4,P
621,CMSAAgs,3,I
625,SloaneNWilliams,3,P
627,BVArts,3,OI
628,meganpirnik,3,P
630,HoustonHealth,3,OI
632,PublicHealth,3,OI
633,MannBraden,3,P
635,sydhreyn,3,P
637,jarradtessa,3,P
639,TheKingCenter,3,OI
641,HCAHouston,3,OI
644,OtaroAlaka,3,P
645,SoleilHernandez,3,P
646,evanasmith,3,P
647,NationwideDVM,3,OI
648,RichOToole,3,P
649,HHSGov,3,OI
650,RoseAcademies,3,OI
651,BioMath,3,P
653,AstroSerena,3,P
659,nprosenheim,3,P
660,Slate,3,P
661,DaenaLC,3,P
663,ShadrachBanks,3,P
665,MWatkinsTrib,3,P
667,Tripawds,3,OI
669,fema,3,OI
670,nuvvaves,3,P
677,RepBillFlores,3,NO ACCOUNT
681,StartupGrindBCS,3,OI
682,JahzionHarris,3,P
683,marchmadness,3,OI
685,atlblog,3,OI
687,VisitFortWorth,3,OI
690,ConstructorMag,3,OI
691,lawyerist,3,OI
692,Westlaw,3,OI
698,SMULawReview,3,OI
699,BleacherReport,3,OI
701,TAMIUAthletics,3,I
702,sxsw,3,OI
703,ecostillar,3,P
704,titlelawyerjoe,3,P
705,ACSstudents,3,OI
709,profrubengarcia,3,P
710,KristynTheriot,3,P
711,dbethancourt,3,P
712,jabreonjackson,3,P
713,SimonFHaeder,3,P
716,SondraKayWhite,3,P
719,Lions,3,OI
720,dorianmartin,3,P
721,kailynwilliamss,3,P
722,Saints,3,OI
725,AGCofA,3,OI
726,akcdoglovers,3,OI
727,MitchFound,3,OI
729,HKSArchitects,3,OI
730,StreetsblogUSA,3,OI
731,chasellane,3,P
732,jasvetz,3,P
733,arothmanhistory,3,P
734,FBIHouston,3,OI
735,ddictson,3,P
739,reevehamilton,3,P
740,dentoncountyags,3,I
741,SoCalTaxProf,3,P
742,EsleyHenderson,3,P
743,SimonTheTam,3,P
746,WashCoAMClub,3,I
747,RinckerLaw,3,OI
749,markjguerrero,3,P
750,ScottKingField,3,P
751,DallasWomenLaw,3,OI
752,TexYoungLawyers,3,OI
753,WashingtonNFL,3,OI
755,JusticeWillett,3,P
756,steelers,3,OI
760,starwars,3,OI
762,TexAgsRadio,3,I
763,BVFoodBank,3,OI
765,LambdaSquared,3,I
767,everyword,3,OI
771,ReedArena,3,I
773,TarletonPrez,3,P
775,TheRegReview,3,OI
778,armyfutures,3,OI
779,tvmdl,3,OI
780,fernandopalomo,3,P
781,BrilliantBlkGrl,3,P
782,SayvonJL,3,P
784,callerdotcom,3,OI
786,JohnCornyn,3,P
787,gdjudge,3,P
788,ArupGroup,3,OI
793,preimers,3,P
795,AGCHouston,3,OI
798,VMDToday,3,OI
799,GIBiz,3,OI
800,morganstrehlow,3,P
801,IESResearch,3,OI
802,dermlink,3,OI
805,drbruceellis,3,P
807,GabeBock,3,P
809,KearaKLynn,3,P
811,RstudioRHS,3,NO ACCOUNT
812,MSCLTJordan,3,OI
813,AUCDisasterMed,3,OI
814,pucvm,3,OI
816,StacyFernandezB,3,P
817,debafield,3,P
819,RileyKStock,3,P
823,ckirk,3,P
828,thomasgcampbell,2,P
830,annieschwanke,2,P
833,aiadallas,2,OI
835,melissapbarnard,2,P
836,Flintco,2,OI
838,LexBlog,2,OI
842,jamesbatteas,2,P
847,TNPAustin,2,OI
848,alicekorngold,2,P
849,SelfeSTEAMgirl,2,OI
850,vccusa,2,OI
851,DreydenNorwood,2,P
852,nickjsciullo,2,P
854,adidasFballUS,2,OI
856,CassieChristop,2,P
857,JoshSiepel,2,P
858,pamincs,2,P
860,thewssociety,2,OI
862,wfaa,2,OI
863,SLaddusaw,2,P
866,fbcoem,2,OI
867,LawStreetMedia,2,OI
868,TarrantBar,2,OI
869,MDABrainSpine,2,NO ACCOUNT
873,myPracticePro,2,OI
875,dittoduffel,2,P
878,HagestadDavid,2,NO ACCOUNT
879,Uptainit,2,P
882,CamachoOfficial,2,P
888,jamesmpuckett,2,P
891,abbyygarzaa,2,P
892,KadoHinson,2,P
893,CharlotteGarden,2,P
894,tomascol,2,P
895,NFFNetwork,2,OI
896,NurseKnut,2,P
898,HeyGurlHayley,2,P
900,ktbugmiller,2,P
902,taxslayerbowl,2,OI
903,APHAfood,2,OI
904,houstonpolice,2,OI
905,hollygaede,2,P
908,NewYorker,2,OI
909,KANMRadio,2,OI
912,xyzatlas,2,OI
913,FossilRim,2,OI
914,lesliekcco,2,P
915,HoustonSPCA,2,OI
918,WaffleHouse,2,OI
921,NASAGoddard,2,OI
922,JBKnowledge,2,OI
923,embreegroup,2,OI
924,thehorse,2,OI
926,ParkWestLife,2,OI
928,Twitter,2,OI
929,AnnaDumitriu,2,P
931,eyphealth,2,OI
932,DrTMichaelT,2,P
933,Whataburger,2,OI
934,FDAWomen,2,OI
936,fatimacaldera,2,P
937,NCAATrackField,2,OI
938,ACSorganic,2,OI
940,AmerChemSociety,2,OI
941,APSphysics,2,OI
944,KAGSKerrie,2,P
946,CDCMakeHealthEZ,2,OI
947,wjeassociates,2,OI
949,HannaHausman,2,P
954,UndergradAward,2,OI
955,NCAAVolleyball,2,OI
957,coleoguy,2,P
959,ProfMacri,2,P
960,nature,2,OI
961,CapterraBuilder,2,OI
962,grist,2,OI
965,GivingTuesday,2,OI
967,Doubledegree,2,P
969,PamelaPlotkin,2,P
971,ResponsibleIP,2,P
973,AulstinwithanL,2,P
976,ExperienceBCS,2,OI
979,oilgaslawprof,2,P
980,DrRimmer,2,P
982,brisonbursey,2,P
984,DudePerfect,2,T
987,michaelwclapp,2,P
988,Monicasnagy,2,P
989,CollegeGameDay,2,OI
990,ShuffieldTye,2,OI
991,IslandPress,2,OI
992,NCAASoccer,2,OI
993,SavingPlaces,2,OI
995,reneemlacroix,2,P
996,rustinmooredvm,2,P
997,GeniusVets,2,OI
999,voxdotcom,2,OI
1000,VaultLaw,2,OI
1001,ConstructechMag,2,OI
1002,DCPhiBetaKappa,2,OI
1003,dinet,2,OI
1004,SigmaNursing,2,OI
1006,BarExamTools,2,OI
1009,veronicasbailey,2,P
1010,lilianveraa,2,P
1011,CoachBobStarkey,2,OI
1012,UKinUSA,2,OI
1013,DrErnieWard,2,P
1015,eckleburgmag,2,OI
1017,corderj,2,P
1019,LesleyLucia,2,P
1022,hamzasadiqPK,2,P
1025,Bobbiedanielle,2,P
1026,gracefulteach,2,P
1028,LawhornKyle,2,P
1033,KayWije,2,P
1036,NaismithTrophy,2,OI
1037,cheftai,2,P
1039,seminewblack,2,P
1044,drturner,2,P
1046,RodneyRGarcia,2,P
1049,hakeemangulu,2,P
1051,sarahjarzombek,2,P
1052,MalMuj,2,P
1055,VirusesImmunity,2,P
1057,LeslieAdami,2,P
1058,GilmanProgram,2,OI
1060,cesollock,2,P
1061,dashadetree,2,P
1062,javelinaalumni,2,OI
1063,ShannaPeeples,2,P
1065,sophiasigh,2,P
1066,NobelPrize,2,OI
1067,mcculloughbrian,2,P
1068,darakass,2,P
1070,stcjaguars,2,OI
1071,sentantiq,2,T
1072,ChaylaPhD,2,P
1073,SecArmy,2,OI
1075,PatMcAfeeShow,2,T
1076,torchnet,2,OI
1080,StevenPolunsky,2,P
1081,edutopia,2,OI
1084,dallascowboys,2,OI
1088,Hannahrugby,2,P
1090,KylerJoe,2,P
1092,marieIcuh,2,P
1093,HoustonISD,2,OI
1095,AIABrazos,2,OI
1101,UTAdvocates,2,OI
1103,maddmins,2,P
1105,rcslocum,2,P
1106,StateofReform,2,OI
1107,educationblog,2,OI
1111,SmithsonianMag,2,OI
1112,amyreneogrin,2,P
1115,ChrisSasser,2,P
1116,nflnetwork,2,OI
1117,lindalemoon,2,P
1118,getmoneypj,2,P
1119,IIADAgriLife,2,OI
1123,FulbrightPrgrm,2,OI
1125,Jaguars,2,OI
1127,houstontranstar,2,OI
1128,gwnerdy,2,P
1129,TheBobbyTaylor,2,P
1130,realleadelaria,2,P
1134,espn,2,OI
1136,washingtonpost,2,OI
1137,RedCross,2,OI
1139,OakleyMartinez,2,P
1140,atmosenergy,2,OI
1144,AntJamesII,2,P
1145,mdhDuBois,2,P
1149,SandiaLabs,2,OI
1150,alyssamontoyaa,2,P
1153,EustaceConjoh,2,P
1156,TheShemarTurner,2,P
1159,houstonzoo,2,OI
1164,mscBethancourt,2,OI
1165,jalenwydermyer,2,P
1167,armstrongvi,2,P
1174,TechNinjaTodd,2,P
1176,PeterHotez,2,P
1178,ArtieMcFerrin,2,P
1179,yeetpaige,2,P
1180,pbethancourt,2,P
1183,SportsCenter,2,OI
1184,Agshoeman,2,P
1185,erikclayhoover,2,P
1187,margteague,2,P
1190,hattiestore,2,P
1191,CDCEnvironment,2,OI
1193,hannahbeththomp,2,P
1194,WalkerJRoss,2,P
1195,DrGfromEC,2,P
1198,FloodsOrg,2,OI
1206,AlfredoMorabia,2,P
1207,TarletonAlum,2,OI
1208,weatherchannel,2,OI
1210,johntcooperjr,2,P
1212,cprehub,2,OI
1216,JoshJohnsWx,2,P
1218,juliakayyyy,2,P
1219,QuickBase,2,OI
1221,TarletonBound,2,OI
1222,RioGGuardian,2,OI
1223,marykatejanek,2,P
1224,PVAMUPanthers,2,OI
1225,emeeleeee,2,P
1229,FCBayernUS,2,OI
1230,HerrejonPedro,2,P
1231,CBSSports,2,OI
1233,victoryvaka,2,NO ACCOUNT
1236,NFLResearch,2,OI
1237,lindsayaellis,2,P
1239,mickalay,2,P
1242,HeroDogAwards,2,OI
1243,emweeklyrpt,2,NO ACCOUNT
1246,DrBobBullard,2,P
1249,TreyZuhn,2,P
1251,TheAAF,2,OI
1252,NFLDraft,2,OI
1257,NCIEpiTraining,2,OI
1258,aafexpress,2,OI
1261,PaytonRayAnn,2,P
1264,DocsTeach,2,OI
1267,UnoErra,2,P
1269,MethodistHosp,2,OI
1270,USArmy,2,OI
1272,Deelawjr,2,P
1274,JAFigueroaVet,2,P
1275,CoachERussell,2,P
1276,MikaylaChilds,2,P
1278,donttrythis,2,P
1279,KBKusHHH,2,P
1281,AnicetusCarba,2,P
1286,modxjazz,2,P
1288,OfficialAlamo,2,OI
1289,KaitlynMDill,2,P
1293,Jamieeeamanda,2,P
1299,Jaiicub,2,P
1301,MrsJBurgin,2,P
1305,HarteResearch,2,OI
1306,kxtherineortega,2,NO ACCOUNT
1312,GrangerSmith,2,P
1316,YaleLawSch,2,OI
1317,BethanyArlett,2,P
1319,carmenalisa,2,P
1320,sandrogalea,2,P
1321,theaward,2,OI
1325,SouthwestAir,1,OI
1327,HBCUBuzz,1,OI
1328,SJMehrtens,1,P
1329,FutureIslander,1,I
1330,DeloitteEdu,1,OI
1331,constructdive,1,OI
1333,sarahhhperez,1,P
1335,ExtensionOD,1,I
1336,pilotjamess,1,P
1341,EdAbelG,1,P
1344,kxwt,1,P
1345,AshliiPaiige,1,P
1347,ashtonwhaley,1,P
1348,thegoodag,1,T
1349,TiffanyEaster,1,P
1350,sarahcirildont,1,P
1351,angepgr,1,P
1355,WranglerNetwork,1,OI
1357,JaneTurchi,1,P
1358,Joshwoos,1,P
1360,caitlinfalke,1,P
1362,Treazzz,1,P
1367,enrgdrone,1,OI
1369,crchriselam,1,P
1370,emilycaramanian,1,P
1375,ElaineFries,1,P
1376,TarletonMidlo,1,OI
1378,TwWhitesell,1,P
1380,AndrewZarrillo,1,P
1385,Timoblad,1,P
1393,VHBnow,1,OI
1394,TarletonWaco,1,OI
1396,chuckjharris,1,P
1398,RockwallAgMoms,1,I
1400,WashTimes,1,OI
1403,CoachJBurton,1,P
1404,addmfgtoday,1,OI
1406,ESAStudyAbroad,1,OI
1408,DIYNetwork,1,OI
1409,WomansDay,1,OI
1410,vkfrew,1,NO ACCOUNT
1412,samantharrenay,1,P
1414,DallasISDMedia,1,OI
1416,TarletonLib,1,OI
1417,NikeshSPI,1,P
1419,hippin,1,OI
1424,TarletonTIAER,1,OI
1425,JMGKids,1,OI
1426,tarletonstudent,1,OI
1429,RoseParade,1,OI
1430,VettedUSA,1,OI
1432,TheJaguarWay,1,I
1433,crmatlock,1,P
1437,HowkDavid,1,P
1439,DPCoachChandler,1,P
1446,itsnotadelyo,1,P
1447,BBoeste,1,P
1448,SendPho,1,P
1449,lutonash,1,P
1451,hikarimoreno,1,P
1452,calliemburton,1,P
1453,dplackey,1,P
1454,AbeTooSuave,1,NO ACCOUNT
1455,desaisuchi,1,P
1457,GlenneyMegan,1,P
1459,reboothang,1,P
1460,thepanamacanal,1,OI
1464,BriannaDanyelle,1,P
1466,itsbethanie,1,P
1467,OldArmyFight,1,P
1469,GretchenHubbard,1,P
1471,claribelfloress,1,P
1472,bertrandizeye,1,NO ACCOUNT
1473,JessicaRaeBurch,1,P
1477,BaileyCarwile,1,P
1478,adelaidaLoreal,1,P
1479,lilyserrata,1,NO ACCOUNT
1481,dumdumdarsha,1,P
1482,biancarenaelim,1,P
1485,jesskramr,1,P
1490,EmmaOliverrr,1,P
1497,aageor,1,P
1498,AbishaiCazarez,1,P
1500,CSandelOfficial,1,P
1501,JanekJeni,1,P
1502,emmawimberly,1,P
1504,aIIIys,1,P
1507,lniwng,1,P
1509,KyleTheCarMan,1,P
1511,getchershineon,1,P
1513,makaylajewell,1,P
1514,SassySheeler,1,P
1517,eversincesydney,1,P
1520,cheyenneshill,1,P
1522,chanskyee,1,NO ACCOUNT
1523,Iweldele,1,P
1524,mariaparkison,1,P
1525,MsWilkinsMV,1,P
1528,NASAaero,1,OI
1532,TarletonCareers,1,OI
1534,RickMatchett,1,P
1536,PhillipTruitt,1,P
1537,phcppros,1,OI
1538,TechRepublic,1,OI
1544,emilynwed,1,P
1550,adriannabernal,1,P
1551,KGNSsports,1,OI
1552,MalloryFondren,1,P
1555,TexansKnowHow,1,OI
1556,KleinUla,1,P
1557,CBrakebill,1,P
1558,GreffexInc,1,OI
1560,KendallNell,1,P
1561,CompactEquip,1,OI
1564,LATMegMeg,1,P
1569,JudgeCarter,1,P
1570,TurboLabTEES,1,I
1571,TSUambassadors,1,OI
1573,GembaGirl,1,P
1575,AngeliqueGammon,1,P
1577,Legallylocd,1,P
1580,SchmittElisa,1,P
1581,robertearlkeen,1,P
1584,natefehler,1,P
1587,cisnerosariana,1,P
1595,CampFireNHQ,1,OI
1598,maxstalling,1,P
1599,JavelinaBeach,1,OI
1600,ThunderQuacker,1,P
1605,truesoulreaper,1,P
1614,ConnecticutSun,1,OI
1617,verilymag,1,OI
1618,AlmanzarPhD,1,P
1619,FlorinaErbeli,1,P
1620,WSUCougars,1,OI
1623,caldwellinter,1,OI
1624,GeorgetownLaw,1,OI
1625,PalgraveBiz,1,OI
1627,PapkeAndrew,1,P
1628,AspenInstitute,1,OI
1629,astros,1,OI
1631,DrDaphneWatkins,1,P
1632,SamuelClemensHS,1,OI
1633,PurdueEDU,1,OI
1635,wallethub,1,OI
1636,nyctiffanys,1,P
1637,APAScience,1,OI
1638,BowenDanH,1,NO ACCOUNT
1639,BicyclingMag,1,OI
1640,ashkirkhouston,1,P
1642,AminDavoodi,1,P
1643,AnalysaMarieG,1,P
1644,ButlerCOE,1,OI
1645,thebowencenter,1,OI
1647,GtownLawPovCntr,1,OI
1648,LauRavCm,1,P
1650,ateacherwife,1,P
1652,radhikaviruru,1,P
1653,herbvincent,1,P
1655,RealJonB,1,P
1658,HeyAileeen,1,P
1660,jjgottsch,1,P
1662,JonnyJTRocket,1,P
1663,brittmitchelle,1,P
1666,Jkgassaway,1,P
1668,keciaray,1,P
1669,cbcovey,1,P
1671,davidfait,1,P
1672,KalebJWood,1,P
1673,Coachmattg,1,P
1675,VictorSaenzPhD,1,P
1676,RBKreider,1,P
1678,ObamaWhiteHouse,1,OI
1679,usedgov,1,OI
1680,sbisdhr,1,OI
1682,lorelleespinosa,1,P
1684,LasVegasSun,1,OI
1685,RayMartinezIII,1,P
1686,PlexAthlete,1,OI
1690,CelinaxMichelle,1,P
1691,luckoflefties,1,NO ACCOUNT
1692,latimessports,1,OI
1696,LarryBaylorFB,1,P
1698,CowboyFB,1,P
1699,GoatOpportunity,1,P
1700,RayGuyAward,1,OI
1704,chitogainz,1,P
1705,astriddoennem,1,P
1707,joeyjaws,1,P
1709,schadjoe,1,P
1710,RapSheet,1,P
1711,RealTannenbaum,1,P
1719,RickySealsJones,1,P
1720,KingJames,1,P
1722,people,1,OI
1723,jarredhelms,1,P
1725,NYTParenting,1,OI
1727,krambohernandez,1,P
1728,shaybonnerjee,1,NO ACCOUNT
1733,WalterCampFF,1,OI
1734,JoshLambo,1,P
1735,Seahawks,1,OI
1738,BruceFeldmanCFB,1,P
1740,CFBPlayoff,1,OI
1741,AtlantaFalcons,1,OI
1742,AthlonSports,1,OI
1746,dpbrugler,1,P
1747,JJWatt,1,P
1748,kooldademon,1,P
1750,Chiefs,1,OI
1752,BeverlyIrby,1,P
1753,emilyfraizer,1,P
1756,nichbs,1,SUSPENDED
1759,Kokochamama,1,P
1760,esthernaut,1,P
1762,TheDapperDean,1,P
1764,pbandgelz,1,P
1765,afropunk,1,OI
1766,lottelydia,1,P
1768,karestiah,1,OI
1770,TytiaunaG,1,NO ACCOUNT
1774,wealthywhitt,1,P
1777,slizander,1,P
1778,KenyaTheHunter,1,P
1785,KameelahRashad,1,P
1786,AmbreLynae,1,P
1787,DrPhilGoff,1,P
1788,Tishablossoms,1,P
1789,netflix,1,OI
1795,RealCandaceO,1,P
1796,ColIegeStudent,1,OI
1797,DemetriusHarmon,1,P
1798,LexieMayHudson,1,P
1799,bintcatuutti,1,NO ACCOUNT
1800,BetterMakeRoom,1,OI
1803,CaitlynCornn,1,P
1805,BrittneyMMorris,1,P
1806,KyraSheaMedleys,1,P
1810,TripleEntendre,1,P
1811,ClintSmithIII,1,P
1812,Branduhn,1,P
1813,nelsonlflores,1,P
1815,SavvyOlogy,1,P
1816,carlnotsagan,1,P
1818,IndignantPhD,1,P
1819,DrMissKecia,1,P
1820,anthonyocampo,1,P
1823,DrMarlonjames,1,P
1824,SarahDSparks,1,P
1825,EdWeekTeacher,1,OI
1827,JSTORPlants,1,OI
1828,Disabilitygov,1,OI
1829,mycollegeguide,1,OI
1830,ParmeterPhD,1,P
1832,NotEdgarRivera,1,P
1833,cgewertz,1,P
1834,Eduflack,1,P
1836,TEACHorg,1,OI
1837,Scholastic,1,OI
1838,HoggFoundation,1,OI
1842,AcademicDome,1,OI
1844,craigleager,1,NO ACCOUNT
1847,GinnySue,1,P
1848,ascarborough,1,P
1850,CaitlinPerrone,1,P
1853,dikaiac,1,P
1856,AgWldfireRelief,1,NO ACCOUNT
1860,LawrennnW,1,P
1861,MatthewACherry,1,P
1864,yrechoheart,1,P
1865,BOvsTHEWORLD,1,P
1866,excensio,1,P
1867,PotentPiO,1,I
1869,klovethealpha,1,P
1872,CordMcLean,1,P
1873,Forbes,1,OI
1875,lindzeelovely,1,P
1876,kellylindsayy,1,P
1879,GBHunting,1,OI
1880,MandWLeadership,1,OI
1885,CherryRealtors,1,OI
1888,hannahstastny,1,NO ACCOUNT
1892,ZachCalzada,1,OI
1895,MicaelaElise,1,P
1896,kathryndeden,1,P
1897,NBCSports,1,OI
1902,usembassyjkt,1,OI
1903,Bethetarian,1,P
1904,ashleybannwart,1,P
1908,SophieSteelman,1,P
1917,Rosecomics,1,NO ACCOUNT
1918,JoseRaulDiaz,1,P
1922,victoriasmedley,1,P
1923,isolationloaf,1,P
1924,JewishHoneybun,1,NO ACCOUNT
1925,imbigbossbowser,1,P
1928,hodgesperio,1,NO ACCOUNT
1929,TheEllenShow,1,P
1930,cowgirlmuseum,1,OI
1931,JamieBennFelix,1,NO ACCOUNT
1934,wutsthesecret,1,P
1936,omarkhamza,1,P
1939,usabasketball,1,OI
1946,bellagolemi,1,P
1948,sebastianojedaa,1,P
1950,BroncosOffField,1,OI
1952,somerchanel,1,P
1953,barbiemtze,1,P
1956,AmberCervantez,1,P
1957,DrZelayaSpeaks,1,P
1958,Stvphan,1,P
1959,BKendallMD,1,NO ACCOUNT
1961,TPWDparks,1,OI
1962,legitjbaumler,1,P
1963,cheesymackk,1,P
1965,morrisonelacafe,1,P
1966,DanielAlexMatas,1,P
1967,LarryVire,1,P
1970,asapUseless,1,P
1971,kellyeastes,1,P
1972,MaroonU,1,OI
1974,SarahHollahan,1,P
1975,GolfDigest,1,OI
1977,CCCreationsUSA,1,OI
1979,cassmcwha,1,P
1980,LCeePhotography,1,P
1981,maddiepimento,1,P
1983,merewhitefield,1,P
1984,bdblackburn,1,P
1986,kjgreenwade,1,P
1990,FinallyDrJones,1,P
1991,mrsericabarnett,1,NO ACCOUNT
1993,tejalbhakta,1,P
1996,jetfornorway,1,P
1997,IanRountree,1,P
1998,CalebBriehn,1,P
2001,AlxssaSaenz,1,P
2002,sydneylabee,1,NO ACCOUNT
2004,DeMauriaz,1,P
2005,gracegabrielll,1,P
2006,BlueAngels,1,OI
2008,itsJuztJosh,1,P
2013,danawellsassoc,1,OI
2014,AFThunderbirds,1,OI
2016,alisssareneee,1,P
2017,cosmodots,1,P
2022,HoustonDash,1,OI
2023,claydeezy,1,P
2024,jeffreyworthen,1,P
2026,whoopwithwood,1,P
2027,aubreypackard,1,P
2028,guiverocai,1,P
2029,CVMResearch,1,OI
2030,texanscare,1,OI
2032,SanaSyedKI,1,P
2033,DallasShelter,1,OI
2034,foxandfriends,1,OI
2035,TheDrRainer,1,P
2039,WTmikeknox,1,P
2040,Reds,1,OI
2041,Mariners,1,OI
2042,Royals,1,OI
2044,NissanUSA,1,OI
2045,ZachTaylorSport,1,P
2046,Elbogano,1,T
2047,TasharaParker,1,P
2049,LafeberVet,1,OI
2050,asherprice,1,P
2051,EPAresearch,1,OI
2052,IanSmithTV,1,P
2053,savannahfiish,1,P
2055,justindibbern,1,P
2057,arleneweintraub,1,P
2062,DoctorYasmin,1,P
2063,NBCOlympics,1,OI
2065,SwimmingWorld,1,OI
2066,adidasBaseball,1,OI
2068,KayceSmith,1,P
2069,CoachDuggs,1,P
2070,PardonMyTake,1,T
2074,dhglover,1,P
2086,Tennis,1,OI
2088,MarchMadnessTV,1,OI
2089,espnW,1,OI
2091,thecheckdown,1,OI
2092,jasoncalanog,1,P
2093,SVGCollege,1,OI
2094,GolfChannel,1,OI
2095,USASwimming,1,OI
2096,SkullSparks,1,OI
2098,tuftsvet,1,OI
2099,tvbpublication,1,OI
2100,BOHorsesPodcast,1,T
2101,strsaccount,1,T
2104,PacBio,1,OI
2105,asaiojournal,1,OI
2106,rrbehringer,1,P
2107,UKGluckCenter,1,OI
2108,joshuarlively,1,NO ACCOUNT
2109,AAVParasit,1,OI
2110,vettimesuk,1,OI
2111,CareerEco,1,OI
2113,BanfieldLife,1,OI
2114,lonestarbcs,1,OI
2115,BabelBark,1,NO ACCOUNT
2116,RyanBethencourt,1,P
2117,Raytye,1,P
2118,anipanion,1,OI
2119,LeHelloco,1,P
2120,BabelVet,1,OI
2121,AValentinSmith,1,P
2122,darrenlogan,1,P
2123,Globalvetsx,1,OI
2125,RealGrumpyCat,1,OI
2126,FrionaI,1,OI
2127,DrGerryParker,1,P
2128,ItaloBZecca,1,OI
2130,HoustonPetTalk,1,NO ACCOUNT
2131,GreggDvm,1,P
2132,Elanco,1,OI
2133,ShawnKozlov,1,P
2134,IserXii,1,OI
2135,exponentialvet,1,P
2138,Macrophagic,1,P
2139,ToddPistor,1,P
2142,ucdavisvetmed,1,OI
2144,StephLChurch,1,P
2146,ShaydaNazifpour,1,P
2147,avinformatics,1,OI
2148,MarkROwens,1,P
2150,syndaver,1,OI
2153,VetCompanionDVM,1,OI
2154,basepaws,1,OI
2155,LifeLearnInc,1,OI
2156,randyvalpy,1,P
2157,dcphendrick,1,P
2158,drjvet,1,P
2159,DrLHVet,1,P
2160,kylegamm,1,P
2162,tmdsas,1,OI
2164,Editage,1,OI
2165,ISAZOfficial,1,OI
2166,TMDegrees,1,OI
2168,wtstudents,1,OI
2169,MotherJones,1,OI
2170,amhistorymuseum,1,OI
2171,FloodPolicyWonk,1,P
2172,amprog,1,OI
2173,cspan,1,OI
2174,waltmossberg,1,P
2177,womenshistory,1,OI
2179,wbonikowski,1,P
2181,SpringerNature,1,OI
2183,GhibliML,1,T
2184,HazCenter,1,OI
2185,sciam,1,OI
2186,DomPrep,1,OI
2188,pewresearch,1,OI
2189,coastalplanner,1,P
2192,ReadyHarris,1,OI
2194,mariashriver,1,P
2195,EmergencyMgtMag,1,OI
2196,HazWS,1,OI
2198,MDCinc,1,OI
2199,JoeMyersToyota,1,OI
2200,Firewise,1,OI
2203,NCRuralCenter,1,OI
2204,SandyBoynton,1,P
2205,RuthGotian,1,P
2209,ScienceMagazine,1,OI
2210,aacu,1,OI
2211,IndianCountry,1,OI
2212,tizzywoman,1,OI
2215,stephlreeves,1,P
2216,michellejonika,1,P
2217,MichaudelLab,1,OI
2218,AstronomyMag,1,OI
2220,DrTRMorton,1,P
2221,sdzsafaripark,1,OI
2223,aibhleog,1,P
2224,OriginsOSU,1,OI
2225,CSFDIncidents,1,OI
2226,SarahMackAttack,1,P
2227,theblerdgurl,1,P
2228,drbruceherbert,1,P
2229,carlosvecchio,1,P
2232,AustinMuseums,1,OI
2235,FolgerLibrary,1,OI
2236,business,1,OI
2237,csmonitor,1,OI
2238,QVStrategies,1,OI
2240,NatEyeInstitute,1,OI
2242,capturedecon,1,OI
2245,HRSAgov,1,OI
2247,MrsLMerriman,1,P
2248,danielptabor,1,P
2251,hannahbcz,1,P
2253,MrJClarkTeach,1,P
2254,bzcohen,1,P
2257,kaylincomeaux,1,P
2259,mrjdmauricio,1,P
2260,ChicagoFed,1,OI
2261,DaeshonHall,1,P
2263,beesweakknees,1,P
2264,TristanLewisTV,1,P
2266,duuhaaa,1,P
2267,LaisaHinojosa,1,NO ACCOUNT
2269,cmharw,1,P
2271,davidskrovan,1,P
2272,drgaylordharden,1,P
2277,jillfnugent,1,P
2278,Enriqueasy,1,P
2279,ArnoldTerrion,1,P
2282,KevinBurgessLab,1,P
2283,MonkellGoodwine,1,P
2285,TunmiseAdeleye,1,P
2287,KimoMakaneole,1,NO ACCOUNT
2289,niksroach,1,P
2290,alymariegar,1,P
2294,Chattisland,1,P
2295,scsrhetoric,1,P
2296,UHouston,1,OI
2297,savageszniv,1,NO ACCOUNT
2300,adidasrunning,1,OI
2304,doescience,1,OI
2305,jaygcapps,1,P
2307,AndrewDessler,1,P
2309,BPLBoston,1,OI
2310,wiscobasco,1,P
2311,OhidYaqub,1,P
2312,aarondlevine,1,P
2313,VTScottMidkiff,1,P
2314,elonmusk,1,P
2316,sesamestreet,1,OI
2318,WallaceUcsf,1,P
2320,MHarrisPerry,1,P
2321,Triseum,1,OI
2322,habitatbcs,1,OI
2325,amieverwright,1,P
2327,andrewchristjoy,1,P
2330,sjojackson,1,P
2333,BVRecycle,1,OI
2334,LyleLovett,1,P
2335,npratc,1,OI
2336,vizagogo,1,T
2337,BMeCommunity,1,OI
2338,SMConservation,1,OI
2340,erinbuchholtz,1,P
2342,brainpicker,1,P
2343,AstroKatie,1,P
2344,HoustonPlanning,1,OI
2345,AECOMBuildPlace,1,OI
2347,dublincycling,1,OI
2348,Marietmora,1,P
2349,AdamStarbuck,1,P
2351,DDudleyEng,1,P
2352,ResearchFeature,1,OI
2353,wlandscapearch,1,OI
2354,OverlandPartner,1,OI
2357,LandDesignInc,1,OI
2358,tbgpartners,1,OI
2359,coffeesketch,1,T
2360,SatPonInc,1,OI
2361,MWBuilders,1,OI
2362,JocelynWidmer,1,P
2363,ClimateSt,1,OI
2364,utsacacp,1,OI
2365,WLPeel,1,P
2366,RealSciLine,1,OI
2367,BRRarchitecture,1,OI
2368,HoeferWysocki,1,NO ACCOUNT
2369,tgreames,1,P
2370,smpsNERC,1,OI
2371,marcelolopezd,1,P
2372,barretthonors,1,OI
2374,NaNoWriMo,1,OI
2376,UFHonors,1,OI
2378,jazberry,1,P
2379,JohnKaag,1,P
2380,giftedchlnges,1,P
2382,BostonGlobe,1,OI
2383,AbsRoberson,1,P
2384,PeterSokolowski,1,P
2386,ecocryptid,1,P
2388,drjodimeadows,1,NO ACCOUNT
2389,GoogleDoodles,1,OI
2390,juliagalef,1,P
2391,JenLucPiquant,1,P
2394,BlackburnCrudo,1,NO ACCOUNT
2395,depaulbiodept,1,OI
2396,StephenMaren,1,P
2398,nokidhungry,1,OI
2401,raulpacheco,1,P
2402,HPotterUniverse,1,OI
2405,WomenDoingSci,1,OI
2406,rauchway,1,P
2410,AVentureUK,1,OI
2411,NEHontheRoad,1,OI
2412,thexylom,1,OI
2414,theUHP,1,OI
2416,cnni,1,OI
2417,VivoEspanol,1,P
2418,UniofOxford,1,OI
2419,sciencemuseum,1,OI
2420,RoySocChem,1,OI
2421,HumanitiesAll,1,OI
2422,ProfRMay,1,P
2423,wellsint,1,OI
2424,OwenTLewis,1,P
2425,ShawnBowWow,1,P
2426,jkotinek,1,P
2427,frankenreads,1,OI
2429,VPRCramer,1,P
2431,tropicalstudies,1,OI
2433,disealab,1,OI
2436,sacnas,1,OI
2437,ORISEaspire,1,OI
2438,UConnOUR,1,OI
2439,KathrynRoyster,1,P
2441,QasimRashid,1,P
2442,RobGMacfarlane,1,P
2444,Pbsymposium,1,I
2446,GMTelescope,1,OI
2447,OfficiallyMadii,1,P
2450,misscurlymandy,1,P
2453,RepRonnyJackson,1,P
2458,HannahRajlich,1,P
2461,InsideEdition,1,OI
2462,agbizlib,1,P
2463,TraceyAddington,1,P
2465,theaofjs,1,P
2466,PublicHealthMap,1,OI
2467,MergioSadrigal,1,P
2469,lchappp,1,P
2470,allisonfagerson,1,P
2471,LRiddickESPN,1,P
2473,apstudwell,1,P
2475,marilougeee,1,P
2476,spicyjulien,1,P
2478,ashleytowerz,1,P
2479,alexanddrrraaaa,1,P
2480,itsgabrielleu,1,P
2481,emmmssi,1,P
2487,ykawato,1,P
2490,JohnPugliese,1,P
2497,peydayreed,1,P
2504,StanMcChrystal,1,P
2505,Fehertwit,1,P
2506,colisurf,1,P
2507,theshortcumings,1,P
2509,smvaldezv,1,P
2510,KendyllTaylorrr,1,P
2516,claudsauceda,1,P
2517,ExclusivelyWZee,1,P
2518,EarthDay,1,OI
2522,uspto,1,OI
2523,TheAcademy,1,OI
2525,ambermbriggs,1,P
2530,BrandonLeone,1,P
2532,alliespurlock,1,P
2533,propjoesays,1,P
2534,LevelNextGG,1,OI
2536,NovsMo,1,P
2538,publicservice,1,OI
2542,FrankCahuasqui,1,P
2544,verneshahazel,1,P
2546,TomballISD,1,P
2547,tannerparkerr,1,P
2549,carrastov,1,P
2550,simonwnorth,1,P
2554,gabsmarisol,1,P
2555,lifewithdburch,1,P
2556,camxdaisy,1,P
2558,RamonaRanae,1,P
2559,jadalaur,1,P
2560,Grannnyfrannny,1,P
2563,ediiitthh,1,P
2565,DevinCCraig,1,P
2566,itslexiiicx,1,P
2567,vrosetr,1,P
2568,nanseelazo,1,P
2569,ReadSomeMoore,1,P
2574,baileyleanneg,1,P
2579,OlgaBodrug,1,P
2580,rbacher,1,P
2581,attn,1,OI
2582,AMWADoctors,1,OI
2585,katmontalvo,1,P
2586,alinaruizz,1,P
2587,delaneywhitwort,1,P
2588,AmyWaer,1,P
2590,NEHgov,1,OI
2594,rachnavara,1,P
2597,jquast,1,P
2599,InterSciFellows,1,OI
2600,ashlynmillerr,1,P
2602,SarahChristineH,1,P
2603,profgabrielle,1,P
2604,seniorbowl,1,OI
2605,emokidsloveme,1,P
2606,allimceach,1,P
2608,SerjEpic,1,P
2609,NASApeople,1,OI
2616,reallyleann,1,P
2617,notsaracurrie,1,P
2618,sunnypjain,1,P
2620,McdevittMelanie,1,P
2622,melnhodges,1,P
2626,AaronTheRealMVP,1,P
2627,gapyearassn,1,P
2634,katkaimanaa,1,P
2639,urecanchc,1,OI
2641,sportsiren,1,P
2643,MarkRober,1,P
2644,fiuchue,1,P
2645,weRnative,1,OI
2646,SmithsonianNMAI,1,OI
2647,HodaAndJenna,1,OI
2649,DEAHOUSTONDiv,1,OI
2651,ajplus,1,OI
2652,williamjardell,1,P
2653,ThePhodografur,1,P
2656,oscartgmz,1,P
2658,PieperWesley,1,P
2660,lahdessoo,1,P
2663,cindyfdzz,1,P
2665,ryanwainerdi,1,P
2666,Interpearsonal,1,OI
2670,samonaizah,1,P
2674,lauradevain,1,P
2677,possefoundation,1,OI
2680,TheAthleticWNBA,1,OI
2682,andyellwood,1,P
2683,ConnerWeigman,1,P
2684,TIPHtweets,1,OI
2690,DavidPaulKHOU,1,P
2693,EricSanten,1,P
2695,camlongoria,1,P
2697,CBSSportsHQ,1,OI
2701,brandyannpena,1,P
2702,claranellist,1,P
2706,annaliesacf,1,P
2708,annavallll,1,P
2719,PhotoboxxMe,1,P
2720,JamesWallington,1,P
2723,FinfrockDMC,1,OI
2725,smithgillarch,1,P
2727,ajimmywidmer,1,P
2728,HoustonOEM,1,OI
2729,healthhashtags,1,OI
2730,MedumoInc,1,OI
2731,CBSThisMorning,1,OI
2732,Drsforamerica,1,OI
2734,techinsider,1,OI
2735,GECarrino,1,OI
2738,ACLgov,1,OI
2739,MedicareMeddler,1,OI
2740,USDAFoodSafety,1,OI
2741,MinorityHealth,1,OI
2742,SLawrenceMPH,1,P
2743,CDCTobaccoFree,1,OI
2744,VeteransHealth,1,OI
2745,Inc,1,OI
2747,PLOSPathogens,1,OI
2749,georgepbush,1,P
2750,AAMCtoday,1,OI
2751,ChronMed,1,OI
2754,AcadofInventors,1,OI
2757,ChemicalScience,1,OI
2758,undarkmag,1,OI
2761,FrontMedicine,1,OI
2762,DropItAndDrive,1,OI
2763,HealthPolicyTMC,1,OI
2764,oaactionallianc,1,OI
2768,DrHossainMM,1,P
2769,TMCGlobalHealth,1,OI
2770,HudumaLtd,1,OI
2771,SmokeFreeFdn,1,OI
2772,JessicaNewcomb,1,P
2775,ConnieAssiff,1,P
2776,katierosekirsch,1,P
2777,LaurenAnneWise,1,P
2778,APHAStudents,1,OI
2780,SEHealthEcon,1,OI
2781,pahowho,1,OI
2782,TADrugSafety,1,OI
2786,DriversofHealth,1,OI
2787,HHSPopAffairs,1,OI
2789,MedicalCareLWW,1,OI
2790,nurturelybaby,1,P
2791,josefflo,1,P
2795,AmericanCancer,1,OI
2796,NEjournalonline,1,OI
2797,WjtaylorBill,1,P
2798,gennielynn,1,P
2799,Samanthacsntos,1,P
2800,georgiawalk,1,P
2803,DHSBlueCampaign,1,OI
2804,samhsagov,1,OI
2805,AACNursing,1,OI
2808,WMHDay,1,OI
2809,PSUNursing,1,OI
2810,BrazosTransit,1,OI
2812,thehowdycop,1,P
2816,GrandPrairiePD,1,P
2818,nikholster,1,P
2819,ScottysHouse,1,OI
2820,WacoPolice,1,OI
2821,StarTribune,1,OI
2824,BrazosCoSheriff,1,P
2825,northeasternpd,1,OI
2826,danishjmk,1,P
2827,TheGuySergio,1,P
2828,HoustonForensic,1,OI
2829,VictimResearch,1,OI
2831,lifetimetv,1,OI
2834,CDCDirector,1,OI
2837,NAMICommunicate,1,OI
2839,FDATobacco,1,OI
2840,TheHeartTruth,1,OI
2841,MentalHealthAm,1,OI
2843,CDCDiabetes,1,OI
2844,TheAtlantic,1,OI
2845,AcademicMinute,1,OI
2846,TheLancet,1,OI
2849,HDMmagazine,1,OI
2851,therealautoblog,1,OI
2853,BagherLab,1,OI
2854,SpaceX,1,OI
2857,texvet,1,OI
2860,EMedCoach,1,OI
2863,PublicHealthMin,1,OI
2867,stacyaustin,1,P
2870,LandscapeMgmt,1,OI
2871,KaitKeithh,1,P
2873,EdCowsar,1,P
2874,HowdyClub,1,P
2876,WhyNotFresh,1,OI
2877,rabbimattr,1,P
2879,patrickrmcginty,1,P
2881,VeronicaDagher,1,P
2882,evanslibrary,1,P
2883,RaileyKayBrown,1,P
2886,KyleBiggio,1,P
2887,MVPenergy,1,P
2890,StudentBonfire,1,OI
2891,collegecolors,1,OI
2892,WittKieffer,1,P
2893,Philanthropy,1,OI
2896,LoneStarFolio,1,OI
2897,TroyMachir,1,P
2899,CasonSchmit,1,P
2904,Shailyric,1,P
2907,RodneySpringISD,1,OI
2908,GyulMeetsWorld,1,P
2909,NoTillFarmr,1,OI
2911,DugBegley,1,P
2914,TarletonMCIS,1,OI
2917,LosAlamosNatLab,1,OI
2919,Battelle,1,OI
2920,RepRWilliams,1,P
2921,HBCUEndowment,1,OI
2925,DrTonyEdwards,1,P
2927,Amcoehs,1,I
2934,alisynhargett,1,P
2935,FluGov,1,OI
2936,workmovesuite,1,OI
2937,FrontPubHealth,1,OI
2938,BTGresearch,1,OI
2939,RepCuellar,1,P
2940,piemikey,1,P
2941,healthplans,1,OI
2942,KennethThorpe,1,P
2945,AACPharmacy,1,OI
2946,pharmscitech,1,OI
2948,HidalgoCounty,1,OI
2949,DrAmirKhanGP,1,P
2950,Getkidsstanding,1,OI
2951,DrMattShow,1,OI
2952,AMJPublicHealth,1,OI
2954,ZArealestate,1,OI
2957,justinbmoorephd,1,P
2958,NatZimmelman,1,P
2959,LisaMerklPR,1,P
2961,TweetNPA,1,C
2963,mainlinehealth,1,OI
2964,deanfierro,1,P
2966,FEMAspox,1,OI
2968,CPFgrants,1,OI
2969,RescueKleberg,1,P
2971,SWMedFoundation,1,OI
2972,mikeshaub,1,P
2973,SchweitzerASF,1,P
2974,realajar,1,P
2977,marielruizwx,1,P
2979,hamsterkaren,1,P
2980,hsabryanpr,1,P
2983,HJDCapital,1,P
2984,ScottMuri,1,P
2986,KlebergBank,1,P
2987,wzanereynolds,1,P
2989,hollinden,1,P
2990,HeritageAuction,1,OI
2991,AmericaAppeal,1,OI
2992,joykirsch,1,P
2993,HouseSpecialPDX,1,OI
2994,BrenhamISD,1,OI
3000,SharLeMieux,1,P
3001,MITPolice,1,OI
3003,BAFFellows,1,OI
3004,GradeAFresh,1,OI
3005,ArchRecord,1,OI
3006,ClimatePower,1,OI
3007,billmckibben,1,P
3008,ABCNational,1,OI
3009,siggraph,1,OI
3010,GoCanvas,1,OI
3011,NatureSacred,1,OI
3012,ArupThoughts,1,OI
3014,kiewit,1,P
3015,ClimateDesk,1,OI
3016,WAbikes,1,OI
3017,PlanningMag,1,OI
3018,newgeography,1,OI
3023,urbandata,1,OI
3024,DodgeData,1,OI
3025,JulieWoodgate,1,P
3026,ClimateCentral,1,OI
3027,alstonconstruct,1,OI
3031,LitchfieldBldrs,1,OI
3032,AIAAustin,1,OI
3033,JMacArch,1,OI
3034,pubarch,1,OI
3035,BecParkertoo,1,P
3037,dezeenjobs,1,OI
3038,LawsocIIUM,1,OI
3039,grbj,1,OI
3040,AustenParrish,1,P
3041,BrettBusby,1,P
3042,sbagen,1,P
3043,ciprmaurer,1,P
3045,WNicholsonPrice,1,P
3046,profabartow,1,P
3047,SpicyIP,1,OI
3050,LeadershipNatur,1,OI
3051,EnergyLawProf,1,P
3052,AMorrisReports,1,P
3053,HRenewedHope,1,P
3054,gwlawenviro,1,OI
3055,FordhamLRev,1,OI
3056,SpirosMargaris,1,P
3057,latimesopinion,1,P
3058,marcelacfvieira,1,P
3059,LawxStyleSummit,1,OI
3060,CameronCushman,1,P
3061,TECHFortWorth,1,OI
3064,BrianNewCBS,1,OI
3066,UCDavisLRev,1,OI
3068,SpenceEnergyUT,1,OI
3069,WestAcademic,1,OI
3072,ShaneDPhillips,1,P
3073,bcWORKSHOP,1,OI
3074,mbtwdesign,1,OI
3075,WillSandyDesign,1,OI
3076,justcoachit,1,P
3077,meredythgrange,1,P
3080,twdb,1,OI
3081,russellmanthy,1,P
3083,Bechtel,1,OI
3084,CharlieGarbutt,1,P
3086,RethinkInterior,1,OI
3088,indiegamelover,1,OI
3089,oscarthinks,1,P
3090,JMJanzen,1,P
3091,ibigroup,1,OI
3092,AustinCML,1,OI
3093,leagueofcities,1,OI
3094,CallisonRTKL,1,OI
3095,ConstructionGL,1,OI
3099,albertojaspe,1,P
3100,WACommunity,1,OI
3103,DCRPcarolina,1,OI
3104,MattBergPhD,1,P
3106,jimdmurphy,1,P
3107,contractmag,1,OI
3108,DallasADEX,1,OIO
3109,CannonDesign,1,OI
3111,PatrickInNYC,1,OI
3112,guardianeco,1,OI
3113,WillHodgesCMC,1,P
3114,CadenceMcShane,1,P
3116,ginasue,1,P
3117,ManhattanBuild,1,OI
3120,CorganInc,1,OI
3121,FAITHandFORM,1,OI
3122,engadgetgaming,1,OI
3124,LudiciousFest,1,OI
3125,HDRarchitecture,1,OI
3127,Wspunner,1,OI
3128,SierraClub,1,OI
3129,EvansCowley,1,P
3130,BACprogram,1,OI
3131,methodarchpllc,1,OI
3132,lwpclothing,1,OI
3133,healinggarden,1,P
3135,cnupublicsquare,1,OI
3137,ReaganRecruits,1,OI
3138,StructureTone,1,OI
3139,GeoAdaptive,1,OI
3140,bweisslaw,1,OI
3141,StetsonLRev,1,OI
3142,CureStartsNow,1,OI
3143,mawthelaw,1,OI
3147,jerseyfinance,1,OI
3148,auwclEnvLaw,1,OI
3150,TechSavvyLaw,1,OI
3152,melodymlanier,1,P
3154,LinkedInImpact,1,OI
3155,CVHReports,1,OI
3157,wendydavis,1,P
3158,CassSunstein,1,P
3159,JScottNishimura,1,P
3160,vanessarangers,1,P
3161,JohnAFlood,1,P
3162,acslaw,1,OI
3164,DuquesneLaw,1,OI
3165,ChadGallman,1,P
3166,blackprelawconf,1,OI
3167,JudgeClayJ,1,P
3168,Gepettopizza,1,OI
3169,EINPresswirePR,1,OI
3170,Wilmaswish,1,P
3171,scholasticahq,1,OI
3172,HispanicOutlook,1,OI
3174,ABABarServices,1,OI
3175,wfaajdouglas,1,P
3176,JoelBurns,1,P
3177,whartonknows,1,OI
3178,photosbylesko,1,OI
3184,Mikeatkyle,1,P
3186,BudKennedy,1,P
3187,NYPDHighway,1,OI
3188,jayobtv,1,P
3190,noellebellow,1,P
3191,kkschiller,1,P
3193,TexAppOrg,1,OI
3194,KarmaKitchenDFW,1,OI
3196,wallernikki,1,P
3197,martzietay,1,P
3198,thomsonreuters,1,OI
3200,bombayfood,1,OI
3201,Starbucks,1,OI
3202,BAMcCown,1,OI
3204,dodrummond,1,P
3205,MayfestFW,1,OI
3207,justuswendell,1,OI
3208,NBCDFWWeather,1,OI
3209,jamesearlrudder,1,P
3210,DeanVischer,1,P
3212,AppellateWatch,1,OI
3213,TaveDoty,1,P
3214,AberdeenUniLaw,1,OI
3215,ScottCarlsonMN,1,P
3216,AtlantaFed,1,OI
3217,prettyprabhu,1,P
3218,mindyjiang,1,P
3219,OgierGroup,1,OI
3220,AlabamaStateBar,1,OI
3222,LockeLord,1,OI
3223,LSULawCenter,1,OI
3225,ThemisBar,1,OI
3227,USAmbMongolia,1,OI
3229,DallasBarAssoc,1,OI
3232,WaterintheWest,1,OI
3234,oclack,1,P
3235,Rhetoricked,1,P
3237,chelskgood,1,P
3238,aglawpaul,1,P
3239,TechLawLibrary,1,OI
3240,KyleVelte,1,P
3241,jrobertsuhlc,1,P
3242,BahaiChair,1,OI
3243,ProfessorKBruce,1,P
3245,PropertyLawProf,1,P
3246,SMUTsaiCenter,1,OI
3249,LegalWritePub,1,OI
3251,ProfSeanOConnor,1,P
3252,alexkreit,1,P
3254,fiulaw,1,OI
3255,LexisNexis,1,OI
3257,mitchwhitten,1,P
3259,ssjhackathon,1,OI
3261,TLTVinTarrant,1,OI
3263,NicoleKnoxLaw,1,OI
3267,WaterWired,1,OI
3268,jdebeer,1,P
3269,ICCIPresident,1,OI
3270,TAFoodBank,1,OI
3272,HeinOnline,1,OI
3273,RonColeman,1,P
3274,LegalTalkNet,1,OI
3277,benfortworth,1,P
3278,JoinPaladin,1,OI
